rv,ri
6, 104.22971061646335
6.01, 104.2262738598102
6.02, 104.2229376288154
6.029999999999999, 104.21970048821036
6.04, 104.21656100272646
6.05, 104.21351773709517
6.059999999999999, 104.21056925604779
6.0699999999999985, 104.20771412431581
6.079999999999998, 104.2049509066306
6.089999999999998, 104.20227816772352
6.099999999999997, 104.19969447232607
6.109999999999998, 104.19719838516954
6.119999999999997, 104.19478847098543
6.129999999999997, 104.19246329450509
6.139999999999997, 104.1902214204599
6.149999999999997, 104.18806141358137
6.159999999999997, 104.1859818386008
6.169999999999996, 104.18398126024964
6.179999999999995, 104.18205824325919
6.189999999999996, 104.18021135236098
6.199999999999996, 104.17843915228642
6.2099999999999955, 104.17674020776685
6.219999999999995, 104.17511308353365
6.229999999999996, 104.17355634431833
6.239999999999996, 104.17206855485213
6.249999999999995, 104.17064827986657
6.2599999999999945, 104.16929408409302
6.269999999999993, 104.16800453226293
6.279999999999994, 104.16677818910763
6.289999999999994, 104.16561361935858
6.299999999999994, 104.16450938774717
6.309999999999993, 104.16346405900475
6.319999999999993, 104.1624761978627
6.329999999999993, 104.16154436905259
6.339999999999993, 104.16066713730571
6.3499999999999925, 104.15984306735345
6.359999999999992, 104.15907072392723
6.369999999999992, 104.15834867175843
6.379999999999992, 104.15767547557854
6.389999999999992, 104.15704970011886
6.3999999999999915, 104.15646991011086
6.409999999999991, 104.15593467028589
6.41999999999999, 104.15544254537538
6.429999999999991, 104.15499210011075
6.439999999999991, 104.15458189922334
6.44999999999999, 104.15421050744462
6.45999999999999, 104.153876489506
6.46999999999999, 104.15357841013886
6.47999999999999, 104.1533148340745
6.4899999999999896, 104.1530843260445
6.499999999999989, 104.15288545078018
6.509999999999989, 104.15271677301288
6.519999999999989, 104.15257685747416
6.529999999999989, 104.15246426889526
6.5399999999999885, 104.1523775720077
6.549999999999988, 104.15231533154275
6.559999999999988, 104.15227611223199
6.569999999999988, 104.15225847880669
6.579999999999988, 104.15226099599826
6.589999999999988, 104.15228222853816
6.599999999999986, 104.15232074115777
6.609999999999986, 104.1523750985885
6.619999999999986, 104.15244386556172
6.629999999999986, 104.15252560680887
6.639999999999986, 104.15261888706134
6.649999999999986, 104.15272227105054
6.659999999999986, 104.1528343235078
6.669999999999986, 104.15295360916465
6.6799999999999855, 104.15307869275242
6.689999999999984, 104.1532081390025
6.699999999999986, 104.15334051264635
6.709999999999985, 104.15347437841528
6.7199999999999855, 104.15360830104078
6.729999999999984, 104.15374084525422
6.739999999999984, 104.15387057578701
6.749999999999984, 104.15399605737053
6.759999999999984, 104.15411585473622
6.769999999999984, 104.15422853261542
6.779999999999983, 104.15433265573965
6.789999999999983, 104.15442678884017
6.799999999999983, 104.15450949664847
6.809999999999983, 104.15457934389593
6.819999999999982, 104.15463489531396
6.829999999999982, 104.15467471563397
6.839999999999982, 104.15469736958732
6.849999999999981, 104.15470142190549
6.859999999999981, 104.1546854373198
6.8699999999999815, 104.15464798056168
6.879999999999981, 104.15458761636256
6.889999999999981, 104.15450290945381
6.899999999999981, 104.15439242456685
6.909999999999981, 104.15425472643311
6.91999999999998, 104.15408837978393
6.92999999999998, 104.15389194935074
6.93999999999998, 104.15366399986497
6.94999999999998, 104.1534031223027
6.9599999999999795, 104.1531102991428
6.969999999999979, 104.15279078616292
6.979999999999979, 104.15245028197405
6.989999999999979, 104.15209448518692
6.999999999999979, 104.15172909441229
7.0099999999999785, 104.1513598082611
7.019999999999978, 104.15099232534409
7.029999999999978, 104.15063234427211
7.039999999999978, 104.15028556365601
7.049999999999978, 104.14995768210656
7.0599999999999765, 104.1496543982346
7.069999999999977, 104.14938141065099
7.079999999999977, 104.14914441796645
7.089999999999977, 104.14894911879193
7.0999999999999766, 104.14880121173816
7.109999999999976, 104.148706395416
7.119999999999976, 104.14867036843627
7.129999999999976, 104.14869882940978
7.139999999999976, 104.14879747694735
7.1499999999999755, 104.1489720096598
7.159999999999975, 104.14922812615796
7.169999999999975, 104.14957152505266
7.179999999999975, 104.15000790495469
7.189999999999974, 104.15054296447492
7.199999999999974, 104.15118240222415
7.209999999999974, 104.15193191681315
7.219999999999974, 104.15279720685282
7.229999999999974, 104.15378379382733
7.239999999999974, 104.15488294871334
7.249999999999974, 104.15606147261062
7.259999999999973, 104.1572837564098
7.269999999999974, 104.15851419100163
7.279999999999973, 104.15971716727677
7.2899999999999725, 104.16085707612592
7.299999999999971, 104.16189830843976
7.309999999999972, 104.16280525510898
7.319999999999972, 104.16354230702426
7.329999999999972, 104.16407385507631
7.339999999999971, 104.1643642901558
7.349999999999971, 104.16437800315343
7.359999999999971, 104.16407938495985
7.369999999999971, 104.1634328264658
7.379999999999971, 104.16240271856194
7.38999999999997, 104.16095345213895
7.399999999999969, 104.15904941808756
7.40999999999997, 104.15665500729841
7.41999999999997, 104.15373461066218
7.4299999999999695, 104.1504448641164
7.439999999999969, 104.14791854663463
7.449999999999968, 104.14759750226432
7.45999999999997, 104.15092369752293
7.469999999999969, 104.15859080209373
7.4799999999999685, 104.1607487849941
7.489999999999968, 104.14038464872733
7.499999999999968, 104.09774830590807
7.509999999999968, 104.05221657027337
7.519999999999968, 104.01656456830626
7.529999999999967, 103.99103697845972
7.539999999999967, 103.974706278471
7.549999999999967, 103.96664494607741
7.559999999999966, 103.96592545901632
7.5699999999999665, 103.97162029502496
7.579999999999966, 103.98280193184073
7.589999999999966, 103.9985428472009
7.599999999999966, 104.01791551884271
7.609999999999966, 104.03999242450361
7.619999999999965, 104.06384604192081
7.629999999999965, 104.08854884883165
7.639999999999965, 104.11317332297344
7.649999999999965, 104.13679194208349
7.659999999999965, 104.1584796173012
7.669999999999965, 104.17763411644506
7.679999999999964, 104.19429613873481
7.689999999999964, 104.20858251998976
7.699999999999963, 104.22061009602933
7.709999999999964, 104.2304957026729
7.719999999999963, 104.23835617573987
7.729999999999963, 104.24430835104951
7.739999999999963, 104.24846906442133
7.749999999999963, 104.2509551516746
7.759999999999962, 104.25188344862875
7.769999999999962, 104.25137079110314
7.779999999999962, 104.24953401491712
7.789999999999962, 104.24648995589014
7.799999999999962, 104.24235544984145
7.809999999999961, 104.23724733259053
7.81999999999996, 104.23128243995673
7.82999999999996, 104.22457760775936
7.839999999999961, 104.2172496718179
7.849999999999961, 104.20941546795166
7.85999999999996, 104.20119183198
7.86999999999996, 104.19269559972233
7.87999999999996, 104.184043606998
7.88999999999996, 104.17535268962641
7.8999999999999595, 104.16673968342693
7.90999999999996, 104.15832142421891
7.919999999999959, 104.15021324805642
7.929999999999959, 104.14247495271428
7.939999999999959, 104.13509574987677
7.949999999999958, 104.1280602875631
7.959999999999958, 104.12135321379266
7.969999999999958, 104.11495917658469
7.979999999999958, 104.10886282395859
7.989999999999958, 104.10304880393362
7.999999999999957, 104.09750176452908
8.009999999999957, 104.09220635376431
8.019999999999957, 104.08714721965859
8.029999999999957, 104.08230901023126
8.039999999999957, 104.07767637350162
8.049999999999956, 104.07323395748898
8.059999999999956, 104.06896641021267
8.069999999999956, 104.06485837969196
8.079999999999956, 104.0608945139462
8.089999999999955, 104.05705946099467
8.099999999999955, 104.05333786885672
8.109999999999955, 104.04971438555162
8.119999999999955, 104.0461736590987
8.129999999999953, 104.04270033751729
8.139999999999954, 104.03927906882666
8.149999999999954, 104.03589450104616
8.159999999999954, 104.03253128219508
8.169999999999954, 104.02917406029272
8.179999999999954, 104.02580748335843
8.189999999999953, 104.0224161994115
8.199999999999953, 104.01898485647122
8.209999999999953, 104.01549810255695
8.219999999999953, 104.01194058568794
8.229999999999952, 104.00829695388353
8.239999999999952, 104.00455185516306
8.249999999999952, 104.00068993754581
8.259999999999952, 103.99669584905108
8.269999999999952, 103.99255423769822
8.279999999999951, 103.9882497515065
8.289999999999951, 103.98376703849526
8.299999999999951, 103.97909074668377
8.309999999999949, 103.97421068544222
8.31999999999995, 103.96917826752977
8.32999999999995, 103.96408542432319
8.33999999999995, 103.95902479817416
8.349999999999948, 103.95408903143426
8.35999999999995, 103.94937076645517
8.36999999999995, 103.94496264558852
8.37999999999995, 103.94095731118593
8.389999999999949, 103.93744740559907
8.399999999999949, 103.93452557117956
8.409999999999949, 103.93228445027901
8.419999999999948, 103.93081668524907
8.429999999999948, 103.93021491844141
8.439999999999948, 103.93057179220762
8.449999999999948, 103.93197994889937
8.459999999999948, 103.93453203086825
8.469999999999947, 103.93832068046595
8.479999999999947, 103.94343854004408
8.489999999999947, 103.9499782519543
8.499999999999947, 103.95803245854822
8.509999999999946, 103.96769380217748
8.519999999999946, 103.97905483567376
8.529999999999946, 103.99215232441925
8.539999999999946, 104.00687211667687
8.549999999999946, 104.0230747911598
8.559999999999945, 104.040620926581
8.569999999999945, 104.05937110165354
8.579999999999945, 104.0791858950905
8.589999999999945, 104.09992588560486
8.599999999999945, 104.12145165190975
8.609999999999944, 104.14362377271814
8.619999999999944, 104.16630282674313
8.629999999999942, 104.1893493926978
8.639999999999944, 104.21262404929509
8.649999999999944, 104.23598737524817
8.659999999999943, 104.25929994927002
8.669999999999943, 104.28242235007367
8.679999999999943, 104.30521515637223
8.689999999999943, 104.32753894687869
8.699999999999942, 104.34925216037995
8.709999999999942, 104.37020202749306
8.719999999999942, 104.39023212172928
8.729999999999942, 104.40918601457139
8.739999999999942, 104.42690727750215
8.749999999999941, 104.44323948200432
8.759999999999941, 104.45802619956068
8.769999999999941, 104.47111100165391
8.77999999999994, 104.48233745976687
8.78999999999994, 104.49154914538232
8.79999999999994, 104.49858962998294
8.80999999999994, 104.50330248505158
8.81999999999994, 104.50553128207099
8.829999999999938, 104.50555320179657
8.83999999999994, 104.50540998774161
8.84999999999994, 104.50683913902716
8.859999999999939, 104.50669924558747
8.869999999999939, 104.50115548313491
8.879999999999939, 104.49979919709162
8.889999999999938, 104.51958267398581
8.899999999999938, 104.56186208931581
8.909999999999938, 104.61415970639271
8.919999999999938, 104.68343668617794
8.929999999999938, 104.8035105887367
8.939999999999937, 104.97579674583143
8.949999999999937, 105.13139611713692
8.959999999999935, 105.2329965852548
8.969999999999935, 105.37072853775861
8.979999999999936, 105.62896974619692
8.989999999999936, 105.93707642473805
8.999999999999936, 106.19659330588992
9.009999999999936, 106.47568969015063
9.019999999999936, 106.91296640940087
9.029999999999935, 107.50630922462184
9.039999999999935, 108.15162279321451
9.049999999999935, 108.77517032420424
9.059999999999935, 109.34035664783347
9.069999999999933, 109.91581895195172
9.079999999999934, 110.73840397942891
9.089999999999936, 111.89363278800786
9.099999999999934, 113.05215202132244
9.109999999999934, 113.91473863414672
9.119999999999935, 114.5463420672167
9.129999999999935, 115.11667457522921
9.139999999999931, 115.8952940610849
9.149999999999933, 117.13776507626896
9.159999999999933, 118.56801487526673
9.16999999999993, 119.62724182928132
9.179999999999932, 120.26532909051187
9.18999999999993, 120.8755349861705
9.199999999999932, 121.6487063978893
9.209999999999932, 122.49158924612347
9.219999999999931, 123.28836934831392
9.229999999999933, 123.91653056373775
9.23999999999993, 124.33054007255342
9.249999999999932, 124.72097252768667
9.259999999999932, 125.2579304767192
9.269999999999929, 125.79953935524634
9.27999999999993, 126.1440593671968
9.28999999999993, 126.34744039345695
9.29999999999993, 126.57584537295502
9.309999999999931, 126.8718527841173
9.31999999999993, 127.19079219276801
9.32999999999993, 127.48781554488207
9.339999999999929, 127.72040187780709
9.34999999999993, 127.88396856078975
9.359999999999927, 128.03319195365012
9.369999999999928, 128.20173024570892
9.37999999999993, 128.36075569436235
9.38999999999993, 128.4790140581071
9.399999999999926, 128.55017680041215
9.409999999999929, 128.5737197859292
9.419999999999929, 128.54911887931002
9.429999999999927, 128.4785489378994
9.439999999999925, 128.39034282731802
9.449999999999925, 128.32381365428
9.459999999999926, 128.25458607357393
9.469999999999926, 128.10616790383233
9.479999999999928, 127.86148401152428
9.489999999999924, 127.57995841842475
9.499999999999925, 127.29884839641164
9.509999999999923, 127.00433306058629
9.519999999999927, 126.68435085924585
9.529999999999923, 126.34845861182887
9.539999999999923, 126.00318682215114
9.549999999999924, 125.62328084395627
9.559999999999924, 125.18799239182134
9.569999999999924, 124.77652358265524
9.579999999999922, 124.49558942285861
9.589999999999922, 124.2408836057865
9.599999999999923, 123.77640485590727
9.609999999999923, 123.12223899617811
9.619999999999923, 122.55641806331366
9.629999999999923, 122.1900216346441
9.639999999999922, 121.86528344983486
9.649999999999922, 121.45340891209297
9.659999999999922, 120.94285533997649
9.66999999999992, 120.3675732286882
9.679999999999922, 119.8655247895536
9.68999999999992, 119.54691501606587
9.699999999999921, 119.23409467396985
9.709999999999923, 118.68760171642163
9.71999999999992, 118.02929883146125
9.729999999999922, 117.5590951320182
9.73999999999992, 117.30399083731366
9.74999999999992, 117.06958388219007
9.75999999999992, 116.70275797278093
9.769999999999918, 116.10961577646276
9.77999999999992, 115.34903682657674
9.78999999999992, 114.7507007530874
9.799999999999919, 114.49774325380334
9.809999999999919, 114.28515867405709
9.819999999999919, 113.82808232403032
9.829999999999917, 113.29990415899924
9.839999999999918, 112.95691214468087
9.849999999999918, 112.7562127503235
9.859999999999918, 112.5360755264203
9.869999999999916, 112.24149031021143
9.879999999999917, 111.88799304068614
9.889999999999915, 111.51134448646107
9.899999999999917, 111.16518973550077
9.909999999999917, 110.87328156229026
9.919999999999916, 110.61495353917182
9.929999999999916, 110.36974808260183
9.939999999999916, 110.1253162923536
9.949999999999916, 109.87575460556828
9.959999999999916, 109.63348235216425
9.969999999999914, 109.41270601106724
9.979999999999915, 109.2161847832208
9.989999999999915, 109.0420725624254
9.999999999999915, 108.88188304244383
10.009999999999915, 108.72396839727946
10.019999999999914, 108.56090273303283
10.029999999999914, 108.38903879416125
10.039999999999914, 108.21899819089083
10.049999999999914, 108.07755772595904
10.059999999999913, 107.96401992581303
10.069999999999915, 107.82821553377474
10.079999999999913, 107.6495508911055
10.089999999999911, 107.4997045893032
10.099999999999913, 107.43897022787553
10.109999999999912, 107.41592861015926
10.119999999999912, 107.35942767340927
10.129999999999912, 107.26230314303236
10.139999999999912, 107.14364352074602
10.149999999999912, 107.0226171988088
10.159999999999911, 106.91780436151566
10.169999999999911, 106.83576962940649
10.179999999999911, 106.77194544407979
10.189999999999909, 106.72584126793134
10.19999999999991, 106.70320512671792
10.20999999999991, 106.70249772458065
10.21999999999991, 106.70584309728483
10.22999999999991, 106.70151275678944
10.23999999999991, 106.70462510970565
10.24999999999991, 106.7319318081926
10.25999999999991, 106.7803381930487
10.269999999999907, 106.84234117578785
10.279999999999909, 106.92699825804412
10.289999999999909, 107.04869181558006
10.299999999999908, 107.17980165108128
10.309999999999908, 107.26394258813858
10.319999999999908, 107.32373176463639
10.329999999999906, 107.47009303325194
10.339999999999907, 107.74656759528646
10.349999999999905, 108.07589007935552
10.359999999999907, 108.38512065314416
10.369999999999909, 108.64192548160361
10.379999999999907, 108.8654411158926
10.389999999999906, 109.25574462285704
10.399999999999906, 109.99048448741249
10.409999999999906, 110.81392531096458
10.419999999999906, 111.35679122896254
10.429999999999904, 111.85151798698007
10.439999999999907, 112.8606323606306
10.449999999999907, 114.3467601548918
10.459999999999903, 115.73599855443732
10.469999999999903, 116.74878735347147
10.479999999999905, 117.52743153777227
10.489999999999904, 118.39748976151581
10.499999999999904, 119.99542528289028
10.509999999999906, 122.5830204801399
10.519999999999904, 125.1323885014986
10.529999999999903, 126.69105712168808
10.539999999999903, 127.92218291166418
10.549999999999905, 129.85656932887142
10.559999999999905, 132.48593659488546
10.569999999999904, 135.30761107952975
10.579999999999902, 137.8462586454506
10.5899999999999, 139.67846637089883
10.599999999999898, 141.17168934954003
10.609999999999902, 143.52954199439824
10.619999999999902, 146.99280136882317
10.6299999999999, 150.18475556013132
10.639999999999901, 152.1700910011619
10.649999999999897, 153.4573021531966
10.659999999999902, 154.7352176387931
10.669999999999899, 156.5497555930561
10.679999999999902, 159.22718579496143
10.689999999999902, 161.96266730444293
10.6999999999999, 163.6553742339681
10.7099999999999, 164.5155062594906
10.7199999999999, 165.46985393717426
10.729999999999901, 166.7219981748818
10.739999999999895, 167.84802641422985
10.749999999999897, 168.64938186313387
10.759999999999899, 169.24463473954012
10.769999999999897, 169.6946454816062
10.779999999999898, 169.90734494105942
10.789999999999894, 169.82782475748533
10.799999999999894, 169.56520769939172
10.8099999999999, 169.23598683412035
10.8199999999999, 168.8468829035196
10.829999999999895, 168.35376711754986
10.839999999999902, 167.5724977151998
10.849999999999898, 166.2914848509006
10.859999999999895, 164.77229204357536
10.869999999999894, 163.5822813638008
10.879999999999896, 162.73019926379322
10.88999999999989, 161.64444741060734
10.899999999999899, 160.05570705963925
10.90999999999989, 158.20492322766285
10.919999999999892, 156.3698999648594
10.929999999999893, 154.81195495277038
10.939999999999891, 153.6094065464406
10.949999999999898, 152.17648739649206
10.959999999999894, 149.95744217311733
10.969999999999896, 147.46140341154305
10.97999999999989, 145.50736781136567
10.989999999999895, 144.19797308518582
10.999999999999897, 143.2273222970785
11.009999999999893, 142.10226518344783
11.019999999999893, 140.19906069068068
11.029999999999895, 137.6577139812582
11.039999999999889, 135.5658018431061
11.04999999999989, 134.40595426720665
11.059999999999894, 133.42109337465465
11.069999999999894, 131.9909527589927
11.079999999999892, 130.27740063229646
11.089999999999892, 128.57715905388596
11.099999999999891, 127.16611021959011
11.109999999999893, 126.23006866666555
11.11999999999989, 125.3453567375331
11.129999999999889, 123.89237432179
11.139999999999889, 122.13268617873582
11.149999999999892, 120.8846458529529
11.159999999999894, 120.23351630124083
11.169999999999888, 119.52979062689164
11.17999999999989, 118.48009459883619
11.18999999999989, 117.36896765480873
11.19999999999989, 116.44140759353024
11.209999999999887, 115.74666911673116
11.219999999999889, 115.24825118966727
11.229999999999887, 114.70244340717863
11.239999999999888, 113.89713329439995
11.24999999999989, 113.05028379108691
11.259999999999888, 112.48918515335454
11.269999999999886, 112.18125363527308
11.279999999999887, 111.90808297258944
11.289999999999885, 111.54588865247027
11.299999999999887, 111.05132650170576
11.309999999999887, 110.48614455455403
11.319999999999887, 110.03381861824232
11.329999999999888, 109.77373057530856
11.339999999999886, 109.58573082278868
11.349999999999888, 109.36263677294988
11.359999999999886, 109.09006329748146
11.369999999999884, 108.78189004033617
11.379999999999885, 108.5058625807659
11.389999999999883, 108.33060783375203
11.399999999999885, 108.23019959670432
11.409999999999883, 108.14056747178486
11.419999999999883, 108.01817074341271
11.429999999999886, 107.83526607218937
11.439999999999884, 107.6182872538318
11.449999999999884, 107.4441908898346
11.459999999999884, 107.32967929561723
11.469999999999883, 107.20239155030055
11.479999999999883, 107.02887819477347
11.489999999999881, 106.87497813943598
11.499999999999883, 106.78881510068024
11.509999999999884, 106.71507020109932
11.519999999999882, 106.59490755503276
11.529999999999882, 106.4666946345233
11.539999999999882, 106.3927342182518
11.54999999999988, 106.36343996584012
11.559999999999881, 106.33445691730611
11.569999999999883, 106.29180237680379
11.57999999999988, 106.24507246772835
11.589999999999883, 106.20238877474577
11.59999999999988, 106.16931440379514
11.60999999999988, 106.13812008736457
11.61999999999988, 106.0784510108174
11.62999999999988, 105.98345159150207
11.63999999999988, 105.91413044339807
11.649999999999878, 105.91536459238483
11.65999999999988, 105.9194854130441
11.669999999999877, 105.84917924111221
11.679999999999879, 105.75561426346506
11.689999999999877, 105.73094027340152
11.699999999999878, 105.74620652158877
11.70999999999988, 105.70281102816375
11.719999999999878, 105.6053457773498
11.729999999999876, 105.5529037247267
11.739999999999878, 105.5657625283215
11.749999999999876, 105.55098461181929
11.759999999999877, 105.46459440784975
11.769999999999875, 105.3817441333001
11.779999999999877, 105.36437831721366
11.789999999999875, 105.3839131150711
11.799999999999876, 105.39980211003859
11.809999999999874, 105.403348433155
11.819999999999878, 105.3959769482192
11.829999999999876, 105.37911671004277
11.839999999999876, 105.35419677343724
11.849999999999877, 105.32264619321413
11.859999999999875, 105.28589402418498
11.869999999999873, 105.24536932116132
11.879999999999875, 105.20250113895476
11.889999999999873, 105.15871853237678
11.899999999999874, 105.11545055623894
11.909999999999876, 105.07412626535276
11.919999999999872, 105.03617471452982
11.929999999999874, 105.00302495858165
11.939999999999873, 104.97610605231979
11.949999999999871, 104.95684705055572
11.959999999999873, 104.94667700810108
11.969999999999875, 104.9462196487747
11.979999999999873, 104.94772007877549
11.98999999999987, 104.93899923538271
11.999999999999872, 104.91810888663261
12.00999999999987, 104.89225428578364
12.019999999999872, 104.86895949996548
12.029999999999871, 104.85570952007767
12.039999999999871, 104.85473658171625
12.04999999999987, 104.85777766686721
12.05999999999987, 104.85810339157555
12.06999999999987, 104.85757357195077
12.07999999999987, 104.85860678171122
12.089999999999868, 104.85828927782255
12.09999999999987, 104.85254683465931
12.10999999999987, 104.84093032128703
12.11999999999987, 104.82470173487053
12.12999999999987, 104.80513317273392
12.139999999999867, 104.78349673220158
12.149999999999867, 104.76106451059778
12.159999999999869, 104.73910860524683
12.169999999999867, 104.71890111347298
12.179999999999868, 104.70171413260056
12.189999999999866, 104.68881975995382
12.199999999999868, 104.68149008780546
12.209999999999868, 104.68007062865402
12.219999999999867, 104.68139444598978
12.229999999999867, 104.6820024577687
12.239999999999867, 104.6816859281962
12.249999999999865, 104.6813849908834
12.259999999999867, 104.68143468654353
12.269999999999865, 104.68179666183485
12.279999999999866, 104.68195055222807
12.289999999999868, 104.68097980098617
12.299999999999866, 104.67842884116365
12.309999999999867, 104.67444675511922
12.319999999999865, 104.6692219161019
12.329999999999863, 104.66294269736052
12.339999999999865, 104.65579747214406
12.349999999999863, 104.64797461370146
12.359999999999864, 104.63966249528167
12.369999999999864, 104.63104949013353
12.379999999999864, 104.62232397150603
12.389999999999862, 104.61367431264812
12.399999999999864, 104.60528888680871
12.409999999999862, 104.59735606723672
12.419999999999863, 104.59006391059991
12.429999999999863, 104.5835928662583
12.439999999999863, 104.57811559065492
12.449999999999864, 104.57380438652287
12.459999999999862, 104.57083155659546
12.469999999999862, 104.56936940360589
12.47999999999986, 104.56959023028739
12.48999999999986, 104.57166633937322
12.499999999999861, 104.57577003359651
12.509999999999861, 104.58207361569059
12.519999999999861, 104.59074938838863
12.52999999999986, 104.60190919799372
12.53999999999986, 104.61509663694827
12.549999999999859, 104.62954386800331
12.559999999999862, 104.64447986138951
12.569999999999862, 104.65913358733741
12.57999999999986, 104.67273401607753
12.589999999999858, 104.68447603356573
12.59999999999986, 104.69011362109003
12.609999999999859, 104.67906281393152
12.619999999999859, 104.64498590786617
12.629999999999859, 104.5955127119511
12.639999999999858, 104.54278398632738
12.649999999999856, 104.50810691698845
12.659999999999858, 104.51120566271902
12.669999999999856, 104.54226471690829
12.67999999999986, 104.57862768975502
12.689999999999856, 104.59758569543874
12.699999999999857, 104.57787467128412
12.709999999999857, 104.53062518311987
12.719999999999857, 104.49838893125825
12.729999999999855, 104.49805467322429
12.739999999999856, 104.50679016565716
12.749999999999854, 104.50789282485799
12.759999999999856, 104.50544147346966
12.769999999999857, 104.50472054453735
12.779999999999855, 104.50543847034967
12.789999999999857, 104.50627370250852
12.799999999999855, 104.5068908741303
12.809999999999855, 104.50729179957776
12.819999999999855, 104.50747858656791
12.829999999999854, 104.50745334281785
12.839999999999858, 104.50721817604463
12.849999999999852, 104.50677519396532
12.859999999999854, 104.506126504297
12.869999999999854, 104.50527969587658
12.879999999999852, 104.5047280840182
12.889999999999855, 104.50582233414912
12.899999999999853, 104.50806313644031
12.909999999999853, 104.5056889223205
12.919999999999852, 104.49701423743332
12.92999999999985, 104.50153130809397
12.939999999999852, 104.53818048883772
12.94999999999985, 104.58365065574174
12.959999999999852, 104.60076501448219
12.96999999999985, 104.59495912236446
12.979999999999851, 104.59708479404395
12.98999999999985, 104.60361869458583
12.99999999999985, 104.57886864678773
13.00999999999985, 104.52647376603682
13.01999999999985, 104.50738030662015
13.029999999999852, 104.54863785453894
13.03999999999985, 104.59538341700502
13.049999999999848, 104.60270125937322
13.05999999999985, 104.5938619382861
13.069999999999848, 104.59767276869499
13.079999999999849, 104.59766967316064
13.089999999999847, 104.56733622703892
13.099999999999849, 104.52080008248554
13.109999999999848, 104.49138588527849
13.119999999999848, 104.49254144099194
13.129999999999846, 104.52208227593528
13.139999999999848, 104.56676433765185
13.149999999999846, 104.60133296064924
13.159999999999847, 104.60906728773897
13.169999999999847, 104.58890311008209
13.179999999999845, 104.5472145322997
13.189999999999849, 104.50576874553583
13.199999999999847, 104.48623099588231
13.209999999999845, 104.49975120452007
13.219999999999846, 104.54821236088742
13.229999999999848, 104.59068262665654
13.239999999999846, 104.57578264265923
13.249999999999847, 104.52409271879479
13.259999999999845, 104.49734494330959
13.269999999999845, 104.50345358994507
13.279999999999845, 104.50155237498001
13.289999999999846, 104.4892506622125
13.299999999999846, 104.51876536731834
13.309999999999844, 104.60624911367158
13.319999999999844, 104.68564724316818
13.329999999999844, 104.70420876068778
13.339999999999842, 104.68368888805634
13.349999999999845, 104.66054196151586
13.359999999999845, 104.67078473664226
13.369999999999843, 104.74188010114258
13.379999999999843, 104.83301169485927
13.38999999999984, 104.87507463178659
13.399999999999842, 104.8664396863464
13.409999999999844, 104.85399618758285
13.419999999999842, 104.85575039885948
13.429999999999842, 104.85701286968366
13.43999999999984, 104.85029391098801
13.44999999999984, 104.84261135999269
13.459999999999841, 104.84232483143943
13.469999999999839, 104.85779393835749
13.47999999999984, 104.89353469562484
13.489999999999842, 104.93903962587208
13.499999999999842, 104.98125380762805
13.509999999999842, 105.01409752094851
13.51999999999984, 105.03416582236123
13.529999999999838, 105.03805924696674
13.53999999999984, 105.02380486302873
13.549999999999837, 105.01570351121798
13.559999999999839, 105.05984682755843
13.569999999999837, 105.15181306275805
13.579999999999837, 105.22027690343262
13.58999999999984, 105.22700080903259
13.599999999999838, 105.2080266390809
13.609999999999836, 105.19908201815318
13.619999999999838, 105.20841564774548
13.629999999999837, 105.23929850773723
13.639999999999837, 105.29614420391475
13.649999999999839, 105.38370944074842
13.659999999999837, 105.50675098891033
13.669999999999837, 105.66768264662134
13.679999999999836, 105.83809330608067
13.689999999999838, 105.96933014608703
13.699999999999836, 106.04998263826134
13.709999999999836, 106.10833490612949
13.719999999999835, 106.17668042036243
13.729999999999835, 106.29055943025351
13.739999999999835, 106.45807829079627
13.749999999999833, 106.62098555861508
13.759999999999835, 106.73715822529768
13.769999999999834, 106.8611507360773
13.779999999999834, 107.05848957003822
13.789999999999836, 107.325683037086
13.799999999999834, 107.63475549200926
13.809999999999834, 107.96630897405822
13.819999999999833, 108.30725021925024
13.829999999999835, 108.66962191934992
13.839999999999833, 109.08610187665516
13.849999999999831, 109.56924848900823
13.859999999999832, 110.10524078605062
13.869999999999834, 110.65829331582853
13.879999999999832, 111.15423200645508
13.889999999999834, 111.60629859867684
13.899999999999833, 112.29541398766851
13.909999999999833, 113.43915560804027
13.919999999999831, 114.74013879438148
13.92999999999983, 115.80208412401225
13.93999999999983, 116.59095247345547
13.949999999999829, 117.25456539942833
13.95999999999983, 118.18806699888243
13.96999999999983, 119.92182006449106
13.97999999999983, 122.23694686613919
13.989999999999828, 124.16591900518186
13.99999999999983, 125.44769008791347
14.009999999999827, 126.939353742763
14.019999999999825, 129.20022415720078
14.029999999999829, 131.89207159023883
14.039999999999827, 134.5690785028826
14.049999999999825, 136.8494347846849
14.059999999999825, 138.56380179494874
14.06999999999983, 140.6671145785779
14.07999999999983, 144.30055590643497
14.089999999999828, 148.6638490963458
14.09999999999983, 151.99669980910818
14.109999999999829, 154.0157325589098
14.119999999999823, 155.64433866802574
14.129999999999821, 157.73260129899518
14.139999999999828, 160.99079560439327
14.149999999999824, 165.31497446131112
14.15999999999982, 169.13362866929614
14.16999999999983, 171.44361133840036
14.179999999999826, 173.2671504787329
14.189999999999824, 175.69752044122237
14.199999999999829, 178.5940593286437
14.209999999999823, 181.48336182487787
14.219999999999828, 183.93916897212358
14.229999999999828, 185.61813488419804
14.239999999999826, 186.916266271169
14.249999999999824, 188.67065281402378
14.259999999999824, 190.82605790345528
14.269999999999824, 192.46167846866334
14.279999999999827, 193.2296755563088
14.289999999999823, 193.66737793160445
14.299999999999818, 194.1529676247362
14.309999999999828, 194.56017533474113
14.319999999999823, 194.74461003427007
14.32999999999982, 194.73027418309715
14.339999999999817, 194.54505211217878
14.34999999999983, 194.04244431446617
14.359999999999825, 193.05842906525083
14.369999999999816, 191.79302510019178
14.379999999999823, 190.61889431470553
14.389999999999825, 189.65395299008148
14.399999999999823, 188.8078275059838
14.40999999999982, 187.7496249846281
14.41999999999982, 185.88131326423206
14.429999999999817, 183.20731381596653
14.439999999999818, 180.81253809959873
14.449999999999818, 179.35037521436885
14.459999999999821, 178.02513829003166
14.469999999999818, 176.0293140570509
14.479999999999817, 173.51744987462587
14.489999999999815, 170.89256014250503
14.49999999999982, 168.52545469023457
14.509999999999811, 166.70932661391805
14.51999999999982, 165.01746583186056
14.529999999999818, 162.6168989185151
14.53999999999982, 159.59378210329595
14.549999999999816, 156.89170041271274
14.55999999999982, 154.97932579985905
14.569999999999819, 153.6131082447427
14.579999999999817, 152.33863782772272
14.589999999999817, 150.36782247787642
14.599999999999817, 147.33518765594187
14.609999999999813, 144.40048494101262
14.619999999999813, 142.69679521038893
14.629999999999812, 141.5996094381189
14.639999999999818, 140.03637812910313
14.649999999999814, 137.94141314255103
14.659999999999814, 135.74783520463282
14.669999999999815, 133.83135001190846
14.679999999999815, 132.50296455211816
14.689999999999813, 131.5386508490467
14.699999999999816, 130.12338754949963
14.709999999999813, 128.05125798258996
14.719999999999814, 126.19342064572776
14.729999999999812, 125.13891756846894
14.739999999999814, 124.48637502019632
14.749999999999813, 123.74149524288065
14.759999999999811, 122.66768784634829
14.769999999999813, 121.17178756233446
14.779999999999811, 119.6641857533243
14.789999999999813, 118.69168587002193
14.799999999999812, 118.13888727849319
14.809999999999809, 117.50983208153463
14.819999999999808, 116.66619116036041
14.82999999999981, 115.79572375480963
14.839999999999813, 115.02988261492375
14.84999999999981, 114.40808655899339
14.859999999999813, 113.89952692313472
14.869999999999813, 113.34395110253192
14.87999999999981, 112.65436914901761
14.88999999999981, 112.02312642596459
14.899999999999812, 111.63363875671831
14.909999999999812, 111.353743814388
14.919999999999808, 110.98262408335648
14.929999999999808, 110.55140387182078
14.93999999999981, 110.19355113052954
14.949999999999807, 109.92149321149655
14.959999999999809, 109.66096937566098
14.96999999999981, 109.37571676551742
14.979999999999805, 109.0728327457814
14.989999999999807, 108.77321219261437
14.99999999999981, 108.51653676561075
15.00999999999981, 108.32923522430758
15.019999999999808, 108.20086166581643
15.029999999999806, 108.10378001639855
15.039999999999809, 107.96557034838698
15.049999999999805, 107.72633402063897
15.059999999999807, 107.46902888265998
15.06999999999981, 107.31704695876303
15.079999999999806, 107.25627704895354
15.089999999999806, 107.1960511649683
15.099999999999806, 107.10177924120943
15.109999999999806, 106.98841785049554
15.119999999999806, 106.87257047528077
15.129999999999804, 106.77075122653385
15.139999999999805, 106.6885083313396
15.149999999999805, 106.61001566910976
15.159999999999805, 106.52478362259238
15.169999999999805, 106.44579366426204
15.179999999999804, 106.38685362879257
15.189999999999802, 106.34484118899407
15.199999999999804, 106.31161752870742
15.209999999999802, 106.27904305110879
15.219999999999803, 106.23980921230262
15.229999999999805, 106.19735793358986
15.239999999999803, 106.16191045184911
15.249999999999803, 106.12626478617752
15.259999999999803, 106.06535653331456
15.2699999999998, 105.97827067504141
15.2799999999998, 105.90287877024564
15.289999999999802, 105.86037160323411
15.2999999999998, 105.82459299918197
15.309999999999803, 105.77531392161713
15.319999999999801, 105.73941167928814
15.3299999999998, 105.74318522781209
15.339999999999801, 105.74594008879245
15.349999999999799, 105.69072416988132
15.3599999999998, 105.59771742324065
15.3699999999998, 105.5275110657975
15.379999999999802, 105.49793097040319
15.389999999999802, 105.49067836650583
15.3999999999998, 105.4863447259743
15.4099999999998, 105.46565544708618
15.4199999999998, 105.42359308031908
15.429999999999797, 105.38183290594485
15.439999999999797, 105.35851838389767
15.4499999999998, 105.35316599296594
15.459999999999795, 105.36195798602085
15.4699999999998, 105.38107661593361
15.479999999999798, 105.40361112461794
15.489999999999796, 105.40016561004622
15.499999999999796, 105.33670140216327
15.509999999999797, 105.2439278667356
15.519999999999799, 105.19340320465663
15.529999999999795, 105.19831986421731
15.539999999999797, 105.21309401066233
15.549999999999798, 105.21315846027973
15.559999999999796, 105.2091850349687
15.569999999999796, 105.2093432755739
15.579999999999796, 105.20958788842938
15.589999999999792, 105.20542234983132
15.599999999999795, 105.19670160816267
15.609999999999797, 105.18424080887493
15.619999999999795, 105.16885509741951
15.629999999999795, 105.15135961924787
15.639999999999795, 105.13256951981154
15.649999999999793, 105.11329994456192
15.65999999999979, 105.09436603895054
15.669999999999796, 105.07658294842878
15.679999999999795, 105.06076581844813
15.689999999999793, 105.04772979446014
15.699999999999793, 105.03829002191617
15.709999999999791, 105.03326039638085
15.719999999999793, 105.03255401042232
15.72999999999979, 105.03359725230843
15.739999999999794, 105.0339601375288
15.749999999999792, 105.03368445836635
15.759999999999796, 105.03343107489722
15.769999999999792, 105.03350118375765
15.779999999999792, 105.03397159549807
15.789999999999791, 105.03408369435941
15.79999999999979, 105.03257709608718
15.809999999999789, 105.02896120073333
15.81999999999979, 105.02349538782978
15.829999999999792, 105.01646948062124
15.83999999999979, 105.00817330235259
15.84999999999979, 104.9988966762684
15.85999999999979, 104.98892942561352
15.869999999999788, 104.97856137363267
15.879999999999786, 104.96808234357061
15.88999999999979, 104.95778215867203
15.899999999999793, 104.94795064218175
15.909999999999787, 104.93962520385747
15.919999999999789, 104.94033188715031
15.929999999999787, 104.95997028372896
15.939999999999788, 104.99399943797276
15.949999999999788, 105.02668582265608
15.959999999999788, 105.04200479340565
15.969999999999786, 105.02418041619481
15.979999999999789, 104.97786847017139
15.989999999999787, 104.94301042753833
15.999999999999787, 104.94263247317275
16.009999999999785, 104.94571857081792
16.01999999999979, 104.92890919924834
16.029999999999795, 104.93738437560079
16.039999999999793, 105.01773680128706
16.04999999999979, 105.10801440109233
16.059999999999796, 105.11288166464394
16.069999999999794, 105.0551484943548
16.0799999999998, 105.02674984781684
16.0899999999998, 105.03723656190164
16.099999999999802, 105.02012888564337
16.1099999999998, 104.96614491121608
16.119999999999806, 104.94879868854578
16.129999999999804, 104.99702888621688
16.13999999999981, 105.03396918580304
16.149999999999807, 105.0020106311249
16.159999999999812, 104.94878565613001
16.169999999999813, 104.93253928861742
16.179999999999815, 104.95707953935852
16.189999999999813, 105.00884999824464
16.199999999999818, 105.07428674774148
16.209999999999816, 105.13982587031481
16.21999999999982, 105.1919034484302
16.22999999999982, 105.21744297294994
16.239999999999824, 105.21699507244301
16.249999999999826, 105.20621829503736
16.259999999999827, 105.20048929700452
16.269999999999825, 105.21338882445357
16.279999999999834, 105.2505323209318
16.28999999999983, 105.29775567860312
16.299999999999834, 105.34114165914832
16.309999999999835, 105.3800394446599
16.319999999999837, 105.41750592550208
16.32999999999984, 105.45919447627406
16.33999999999984, 105.50974396615445
16.34999999999984, 105.55261636534138
16.359999999999843, 105.56099297939656
16.369999999999845, 105.55190478629741
16.379999999999846, 105.58064461785251
16.389999999999844, 105.66291417943833
16.39999999999985, 105.76004527402878
16.40999999999985, 105.84473137603807
16.419999999999852, 105.92001203127987
16.429999999999854, 105.99451700514307
16.439999999999856, 106.08297071987259
16.449999999999857, 106.19677677415231
16.45999999999986, 106.32532680790729
16.469999999999857, 106.45270079848697
16.479999999999862, 106.57409631936801
16.489999999999863, 106.69058917140957
16.499999999999865, 106.8115130212439
16.509999999999867, 106.95165702403186
16.519999999999868, 107.11467407614474
16.52999999999987, 107.29235147113532
16.53999999999987, 107.48658275243795
16.54999999999987, 107.7163095339723
16.559999999999874, 107.99130861897738
16.569999999999876, 108.29534063426505
16.579999999999878, 108.6037716387783
16.58999999999988, 108.8747900709929
16.59999999999988, 109.0779465842987
16.609999999999882, 109.2761336443084
16.619999999999884, 109.559591404551
16.629999999999885, 109.94380606063247
16.639999999999887, 110.39957257023653
16.64999999999989, 110.86396443355623
16.65999999999989, 111.24863932388837
16.669999999999888, 111.5806305567798
16.679999999999893, 112.03465406943053
16.68999999999989, 112.66452386854183
16.699999999999896, 113.2725655151522
16.7099999999999, 113.71305255070823
16.7199999999999, 114.0793609657297
16.7299999999999, 114.50365659778532
16.739999999999903, 115.0929759490546
16.749999999999908, 115.91592254563689
16.759999999999906, 116.8075800164867
16.76999999999991, 117.51970682933819
16.779999999999905, 118.09400534382192
16.789999999999914, 118.7659047155756
16.799999999999912, 119.62286006921428
16.80999999999991, 120.59534868841466
16.819999999999915, 121.55780256771193
16.829999999999917, 122.31029737382929
16.839999999999915, 122.84837064886598
16.849999999999916, 123.63853591757075
16.85999999999992, 124.99674279679655
16.869999999999926, 126.44652712822742
16.879999999999924, 127.44455458096309
16.88999999999993, 128.10256750518332
16.899999999999928, 128.75904416837594
16.909999999999933, 129.67830393159613
16.91999999999993, 131.05778626094272
16.92999999999993, 132.6620948933268
16.93999999999993, 133.9129770071509
16.949999999999935, 134.71479854489104
16.959999999999937, 135.57673919113597
16.96999999999994, 136.79519396831358
16.97999999999994, 138.20379743998996
16.989999999999945, 139.59919028666005
16.999999999999943, 140.81524099851666
17.00999999999995, 141.7801439565776
17.019999999999943, 142.81512305194224
17.029999999999948, 144.266998580096
17.03999999999995, 145.87780418487324
17.049999999999947, 147.16367062316823
17.059999999999953, 148.09660053546997
17.069999999999954, 148.94933843381085
17.079999999999956, 149.95833439124323
17.089999999999957, 151.31349758218306
17.099999999999955, 152.92307408685008
17.109999999999957, 154.28330607340408
17.119999999999962, 155.15217862521504
17.12999999999996, 155.9481573874162
17.13999999999996, 157.03115207283352
17.14999999999997, 158.24432024726443
17.159999999999968, 159.3487640489755
17.169999999999966, 160.27364056547984
17.17999999999997, 161.0248716348385
17.189999999999976, 161.7799236945931
17.199999999999974, 162.78329022090753
17.20999999999998, 163.91007656255803
17.219999999999978, 164.75229828255067
17.229999999999983, 165.2477482548698
17.23999999999998, 165.75121823877873
17.249999999999982, 166.44688779396523
17.25999999999998, 167.17262446601853
17.269999999999982, 167.78739150938355
17.279999999999994, 168.30480111377122
17.289999999999985, 168.75622949720628
17.29999999999999, 169.13734371769965
17.309999999999988, 169.43702691188244
17.319999999999993, 169.66317290282223
17.32999999999999, 169.8309979089184
17.33999999999999, 169.94850790635888
17.349999999999994, 170.0190673593031
17.36, 170.04525699877723
17.370000000000005, 170.0289820457599
17.380000000000006, 169.97212089042472
17.390000000000004, 169.876513038341
17.400000000000002, 169.7370103523906
17.410000000000004, 169.53345104579472
17.420000000000005, 169.24863277220913
17.43000000000001, 168.8817146990022
17.440000000000012, 168.44963152406245
17.450000000000017, 168.04515175520248
17.460000000000015, 167.75492339794397
17.47000000000002, 167.4001143168456
17.480000000000015, 166.6932219244222
17.490000000000023, 165.73145635514223
17.50000000000002, 164.89909245347144
17.510000000000016, 164.35577154280816
17.520000000000024, 163.99559733771997
17.53000000000003, 163.61981270069072
17.540000000000028, 162.8961177237726
17.55000000000003, 161.71424370652247
17.56000000000003, 160.578114712703
17.57000000000003, 159.90636952764135
17.580000000000034, 159.3618762808959
17.590000000000035, 158.4906689482189
17.600000000000037, 157.3406327627316
17.610000000000042, 156.1566021171645
17.62000000000004, 155.13534186286435
17.63000000000004, 154.42582736485184
17.640000000000047, 153.82059396228365
17.65000000000004, 152.79744667131735
17.660000000000046, 151.3199365494553
17.670000000000044, 150.02937592147046
17.68000000000005, 149.26391577538442
17.690000000000047, 148.63537391992614
17.700000000000045, 147.7724362034998
17.710000000000054, 146.644163193956
17.720000000000056, 145.32586467168485
17.730000000000054, 144.086886494098
17.74000000000006, 143.20163015943507
17.75000000000006, 142.48812875786936
17.760000000000062, 141.56989774898153
17.77000000000006, 140.45853719992482
17.780000000000065, 139.44499640673365
17.79000000000007, 138.63052666561023
17.800000000000068, 137.9005113150552
17.810000000000073, 137.09273915147577
17.82000000000007, 135.98544344469545
17.83000000000007, 134.55372328882797
17.840000000000074, 133.27968415111567
17.85000000000008, 132.54716272982148
17.860000000000078, 132.04806927606623
17.870000000000076, 131.36502130474005
17.88000000000008, 130.4572524304397
17.89000000000008, 129.43438989269495
17.90000000000008, 128.46242199352778
17.910000000000085, 127.726585278177
17.920000000000087, 127.15823186370986
17.930000000000085, 126.47019724497497
17.94000000000009, 125.59401235175989
17.950000000000095, 124.75789761598891
17.960000000000093, 124.10291515337914
17.97000000000009, 123.55741180989793
17.9800000000001, 123.01431703926993
17.990000000000098, 122.33477960527307
18.000000000000096, 121.44142008335419
18.010000000000105, 120.58288039274476
18.020000000000103, 120.05051100612405
18.0300000000001, 119.70433561483898
18.040000000000106, 119.22451044150597
18.050000000000107, 118.57956723923706
18.06000000000011, 117.93965487575413
18.07000000000011, 117.39768584616198
18.080000000000112, 116.95967919010354
18.09000000000011, 116.57694977461263
18.100000000000115, 116.12123818225547
18.110000000000117, 115.5382858574134
18.12000000000012, 114.96847652165819
18.130000000000116, 114.53946091929392
18.14000000000012, 114.22362258310446
18.15000000000012, 113.95608689238075
18.160000000000124, 113.66705359550117
18.170000000000122, 113.29452703778074
18.180000000000128, 112.87057250767151
18.19000000000013, 112.47767533858521
18.20000000000013, 112.15081929089988
18.210000000000136, 111.88360157184209
18.220000000000134, 111.64714236763623
18.230000000000135, 111.38616156649793
18.240000000000133, 111.0869434821228
18.250000000000142, 110.81807668453938
18.26000000000014, 110.61861172611495
18.27000000000014, 110.41404187556394
18.280000000000143, 110.13598574298366
18.290000000000145, 109.83989964534246
18.300000000000146, 109.60428141411465
18.310000000000148, 109.41368815815923
18.32000000000015, 109.21464974938709
18.330000000000148, 109.00539479316669
18.340000000000153, 108.818252897592
18.350000000000154, 108.6575464119253
18.360000000000156, 108.49874744456619
18.370000000000157, 108.33234348832718
18.38000000000016, 108.17357764517837
18.39000000000016, 108.0376831191068
18.400000000000162, 107.93510134227702
18.41000000000016, 107.86334682171656
18.42000000000017, 107.77590524548822
18.430000000000167, 107.62939704220334
18.44000000000017, 107.4545967455867
18.45000000000017, 107.30395545124304
18.46000000000017, 107.18775065066306
18.470000000000173, 107.09356895733816
18.480000000000175, 107.01264618017221
18.490000000000173, 106.9392230148569
18.500000000000178, 106.8622339977064
18.51000000000018, 106.76418934329298
18.52000000000018, 106.64129095655208
18.530000000000182, 106.5154801245347
18.540000000000184, 106.40563074986188
18.550000000000185, 106.31430368444491
18.560000000000187, 106.24121892091718
18.570000000000192, 106.18609645191204
18.58000000000019, 106.14671269201912
18.59000000000019, 106.1071129944714
18.600000000000193, 106.04683973818801
18.610000000000195, 105.96214502747344
18.620000000000196, 105.86106036653838
18.630000000000198, 105.77016103066717
18.6400000000002, 105.73300475968153
18.650000000000205, 105.74461542279556
18.660000000000203, 105.72831368293846
18.670000000000208, 105.64613144587491
18.680000000000206, 105.5582727276034
18.690000000000204, 105.51387362997401
18.70000000000021, 105.47880397409412
18.71000000000021, 105.41080092084145
18.72000000000021, 105.3207011884696
18.730000000000217, 105.23527752694625
18.740000000000215, 105.1631874609738
18.75000000000022, 105.10362726841151
18.760000000000215, 105.05571118230837
18.77000000000022, 105.01828298568614
18.78000000000022, 104.98177307127563
18.79000000000022, 104.92691366062478
18.80000000000022, 104.84689154297742
18.81000000000023, 104.75773846121554
18.820000000000228, 104.67324509003316
18.83000000000023, 104.59494287033141
18.84000000000023, 104.51983113660854
18.85000000000023, 104.43437368132409
18.860000000000234, 104.32501860286884
18.870000000000232, 104.19688192241276
18.880000000000237, 104.06239342893386
18.890000000000235, 103.92950915212856
18.90000000000024, 103.80335529661932
18.910000000000245, 103.68901404394657
18.920000000000243, 103.59143327944001
18.93000000000024, 103.50930707572883
18.940000000000246, 103.43256619993576
18.950000000000248, 103.35296826300942
18.96000000000025, 103.26754365057313
18.970000000000248, 103.17846981163176
18.980000000000253, 103.10265187368421
18.990000000000254, 103.05439539268895
19.000000000000256, 103.01871542843651
19.010000000000254, 102.97475023754035
19.02000000000026, 102.93217850921303
19.03000000000026, 102.91419523836666
19.040000000000262, 102.91801810664741
19.05000000000026, 102.92172665206135
19.060000000000265, 102.91951564907401
19.070000000000267, 102.9242026996909
19.08000000000027, 102.94358813647463
19.090000000000266, 102.97532045442023
19.10000000000027, 103.0160704447087
19.110000000000273, 103.06250889852114
19.120000000000275, 103.11130660703873
19.13000000000028, 103.15913436144245
19.140000000000278, 103.20266295291353
19.150000000000283, 103.23856317263296
19.16000000000028, 103.26350581178194
19.170000000000282, 103.27416166154146
19.180000000000284, 103.26768564839767
19.190000000000285, 103.25060396870285
19.200000000000287, 103.23792776626597
19.210000000000285, 103.24497450699634
19.22000000000029, 103.28696971609463
19.230000000000295, 103.36583039690336
19.240000000000293, 103.45636232546006
19.250000000000295, 103.53647828415835
19.260000000000296, 103.6042840001603
19.270000000000298, 103.66185368861328
19.2800000000003, 103.7112615646646
19.290000000000305, 103.75458184346158
19.300000000000303, 103.7938887401515
19.310000000000304, 103.83125646988175
19.320000000000306, 103.86875924779957
19.330000000000304, 103.90838204939338
19.34000000000031, 103.94972530275817
19.350000000000307, 103.9898542930661
19.360000000000312, 104.02910044568202
19.370000000000317, 104.07328233575616
19.380000000000315, 104.12129499512591
19.39000000000032, 104.15366897571668
19.40000000000032, 104.15710176685232
19.410000000000323, 104.15296037748598
19.42000000000032, 104.16713635920748
19.43000000000032, 104.20175579999878
19.440000000000325, 104.24991533453434
19.45000000000033, 104.3046941685972
19.460000000000328, 104.35930475825843
19.470000000000333, 104.40938021283411
19.48000000000033, 104.45266276407176
19.49000000000033, 104.48696521691248
19.500000000000334, 104.5100854309247
19.51000000000034, 104.51796417633672
19.520000000000337, 104.50291342729103
19.530000000000335, 104.46368325840746
19.54000000000034, 104.41972882786666
19.55000000000034, 104.39060212993581
19.560000000000343, 104.37778114329049
19.57000000000035, 104.37736832581366
19.580000000000346, 104.3854652450765
19.590000000000344, 104.39817346865026
19.60000000000035, 104.4115945641061
19.610000000000355, 104.42178837251778
19.620000000000353, 104.42377767157473
19.63000000000035, 104.41149247873297
19.640000000000356, 104.37815266148856
19.650000000000357, 104.31599277779449
19.66000000000036, 104.22941943127846
19.67000000000036, 104.15191730414247
19.68000000000036, 104.10775004866261
19.69000000000036, 104.0714055784078
19.700000000000365, 104.01046053410077
19.71000000000037, 103.91959919272458
19.72000000000037, 103.80426059845
19.73000000000037, 103.67839887382013
19.74000000000037, 103.56006576702983
19.75000000000037, 103.45625229890048
19.760000000000375, 103.36463244988303
19.770000000000373, 103.28259200519824
19.780000000000378, 103.20751675006687
19.79000000000038, 103.1367924697096
19.80000000000038, 103.06780494934725
19.81000000000038, 102.99793997420055
19.820000000000384, 102.92458332949019
19.830000000000382, 102.8457222926659
19.840000000000387, 102.76208503963356
19.850000000000392, 102.67589723035665
19.86000000000039, 102.59461939490292
19.870000000000395, 102.52747712635355
19.880000000000393, 102.47686862176108
19.89000000000039, 102.44059457905666
19.900000000000396, 102.41637026349045
19.910000000000398, 102.40191094031263
19.9200000000004, 102.39493187477329
19.930000000000405, 102.39314632811792
19.940000000000403, 102.39380241967075
19.9500000000004, 102.39309011073836
19.960000000000406, 102.38975395677208
19.970000000000407, 102.39211406460853
19.98000000000041, 102.40913253032332
19.99000000000041, 102.44146256958834
20.000000000000412, 102.48685795074832
20.01000000000041, 102.54306943821531
20.020000000000415, 102.60831805161871
20.03000000000042, 102.68838339327198
20.04000000000042, 102.79497308638449
20.05000000000042, 102.93438645025853
20.06000000000042, 103.10621082970923
20.07000000000042, 103.30963541898555
20.080000000000425, 103.54384941233661
20.090000000000423, 103.80804200401141
20.100000000000428, 104.1014023882591
20.110000000000433, 104.42311975932863
20.12000000000043, 104.77238331146913
20.13000000000043, 105.14838223892963
20.140000000000434, 105.55030573595914
20.150000000000436, 105.97734299680678
20.160000000000434, 106.4286832157216
20.170000000000442, 106.90351558695266
20.18000000000044, 107.40102930474899
20.190000000000445, 107.92041356335963
20.200000000000443, 108.46085755703369
20.21000000000044, 109.02155048002017
20.220000000000447, 109.60168152656817
20.230000000000445, 110.2004398909267
20.24000000000045, 110.81701476734489
20.250000000000455, 111.45059535007174
20.260000000000453, 112.10037083335624
20.270000000000458, 112.76553041144757
20.280000000000456, 113.44526327859478
20.290000000000454, 114.13875862904686
20.30000000000046, 114.84520565705287
20.31000000000046, 115.56379355686191
20.32000000000046, 116.29371152272302
20.330000000000464, 117.03414874888522
20.340000000000465, 117.78429442959758
20.35000000000047, 118.54333775910919
20.36000000000047, 119.31046793166908
20.37000000000047, 120.08487414152631
20.38000000000047, 120.86574558292999
20.39000000000047, 121.65227145012906
20.400000000000475, 122.44364093737263
20.41000000000048, 123.2390432389098
20.420000000000478, 124.0376675489896
20.430000000000476, 124.83870306186107
20.440000000000484, 125.64133897177324
20.450000000000482, 126.44476447297522
20.46000000000048, 127.24816875971608
20.470000000000486, 128.0507410262448
20.480000000000484, 128.85167046681048
20.490000000000485, 129.65014627566214
20.50000000000049, 130.4453576470489
20.510000000000495, 131.23649377521986
20.520000000000493, 132.02274385442388
20.53000000000049, 132.8032970789102
20.5400000000005, 133.5773426429278
20.550000000000495, 134.34406974072579
20.560000000000496, 135.10266756655312
20.5700000000005, 135.85232531465897
20.580000000000503, 136.59223217929227
20.5900000000005, 137.32157735470219
20.600000000000506, 138.03955003513772
20.610000000000507, 138.74533941484793
20.62000000000051, 139.4381346880819
20.630000000000507, 140.11712504908866
20.64000000000051, 140.78149969211728
20.65000000000051, 141.4304478114168
20.660000000000515, 142.06315860123624
20.670000000000513, 142.6788212558247
20.680000000000515, 143.27662496943134
20.690000000000516, 143.85575893630505
20.700000000000518, 144.41541235069494
20.710000000000523, 144.9547744068501
20.720000000000525, 145.4730342990195
20.730000000000526, 145.9693812214523
20.740000000000528, 146.4430043683975
20.750000000000526, 146.89309293410417
20.76000000000053, 147.31883611282137
20.770000000000532, 147.71942309879816
20.780000000000534, 148.09404308628356
20.790000000000532, 148.44188526952667
20.800000000000537, 148.76213884277655
20.81000000000054, 149.0539930002822
20.82000000000054, 149.31663693629272
20.830000000000545, 149.54925984505718
20.84000000000054, 149.75105092082458
20.85000000000055, 149.92119935784402
20.860000000000547, 150.05889435036448
20.87000000000055, 150.16332509263515
20.88000000000055, 150.233680778905
20.89000000000055, 150.2691506034231
20.900000000000553, 150.26896245899258
20.91000000000055, 150.23488984289145
20.920000000000556, 150.17271093526745
20.930000000000557, 150.06360922162693
20.94000000000056, 149.82782907482994
20.950000000000557, 149.41599954774827
20.960000000000562, 148.92965835261893
20.97000000000056, 148.47626571497295
20.980000000000558, 147.9806769366441
20.990000000000563, 147.31316193158088
21.00000000000057, 146.48252677271063
21.010000000000574, 145.57720528493522
21.02000000000057, 144.6865793330429
21.03000000000057, 143.89602540109658
21.040000000000575, 143.1392996281362
21.050000000000573, 142.15718440189093
21.060000000000578, 140.87415772373575
21.070000000000576, 139.59431881733238
21.08000000000058, 138.58739591471607
21.090000000000583, 137.89154370834447
21.100000000000584, 137.4188748072871
21.11000000000059, 136.69094506709277
21.120000000000584, 135.24308404858806
21.130000000000585, 133.5790623791483
21.14000000000059, 132.56938110101947
21.150000000000595, 132.12701027724574
21.160000000000586, 131.52135627487303
21.170000000000595, 130.48343551057175
21.180000000000597, 129.2338709829923
21.190000000000595, 128.0157676331737
21.2000000000006, 127.07168616260913
21.2100000000006, 126.49894400490885
21.220000000000603, 126.05474069036129
21.2300000000006, 125.50580153690014
21.240000000000606, 124.83136884943754
21.250000000000604, 124.05922588168546
21.26000000000061, 123.2171558873561
21.270000000000614, 122.33294212016145
21.28000000000061, 121.43436783381361
21.29000000000061, 120.54825981990501
21.300000000000615, 119.68541350354818
21.31000000000062, 118.84333996052402
21.32000000000061, 118.01914929967671
21.33000000000062, 117.20995162985041
21.340000000000625, 116.41285705988943
21.35000000000062, 115.62497569863784
21.36000000000062, 114.84341765493997
21.370000000000626, 114.06529303763988
21.380000000000628, 113.28771195558186
21.390000000000626, 112.5077845176101
21.400000000000635, 111.72262083256878
21.41000000000063, 110.9293310093021
21.420000000000634, 110.12502515665425
21.430000000000636, 109.30681338346942
21.440000000000634, 108.47180579859186
21.450000000000635, 107.61711251086572
21.46000000000064, 106.73984362913517
21.47000000000064, 105.83710926224452
21.480000000000643, 104.90604232031339
21.49000000000064, 103.94876683654263
21.500000000000647, 102.97862093301619
21.510000000000645, 102.01047227090396
21.52000000000065, 101.05918851137601
21.53000000000065, 100.13963731560223
21.54000000000065, 99.26668634475263
21.55000000000065, 98.4540594436028
21.560000000000656, 97.70516349334868
21.570000000000658, 97.01793599535335
21.58000000000066, 96.3902643402846
21.59000000000066, 95.82003591881022
21.600000000000662, 95.30513812159805
21.61000000000066, 94.84345833931586
21.620000000000665, 94.43288396263159
21.630000000000663, 94.071302382213
21.64000000000067, 93.75660098872788
21.650000000000674, 93.48666717284405
21.660000000000675, 93.25938832522927
21.67000000000067, 93.07265183655146
21.680000000000675, 92.92434509747847
21.69000000000068, 92.812355498678
21.700000000000678, 92.73457043081801
21.710000000000683, 92.68887728456605
21.72000000000068, 92.67316345059018
21.730000000000683, 92.68531631955828
21.740000000000684, 92.7232232821379
21.750000000000686, 92.78477172899706
21.760000000000687, 92.86784905080347
21.770000000000685, 92.97034263822508
21.780000000000687, 93.09013988192947
21.79000000000069, 93.22512817258473
21.800000000000693, 93.37319490085855
21.810000000000695, 93.53222745741868
21.820000000000697, 93.70011323293312
21.830000000000698, 93.87473961806944
21.8400000000007, 94.05399400349569
21.8500000000007, 94.23576377987966
21.860000000000703, 94.41793633788897
21.870000000000708, 94.5983990681917
21.88000000000071, 94.77503936145544
21.89000000000071, 94.94574460834819
21.90000000000071, 95.10840219953762
21.91000000000071, 95.26089952569161
21.92000000000071, 95.40112397747798
21.930000000000714, 95.52696294556459
21.940000000000715, 95.64139530799999
21.95000000000072, 95.76835615386902
21.96000000000072, 95.93481499447896
21.970000000000717, 96.15229207419922
21.98000000000072, 96.42309843799428
21.990000000000723, 96.71703562469698
22.000000000000725, 96.98616506519457
22.010000000000723, 97.22624733134701
22.02000000000073, 97.4726975756861
22.03000000000073, 97.72829845476664
22.040000000000727, 97.94922374322068
22.050000000000736, 98.11628483969996
22.060000000000734, 98.26829599500809
22.070000000000732, 98.43542058821784
22.080000000000737, 98.59702887130892
22.090000000000735, 98.729504258283
22.10000000000074, 98.84556302438709
22.110000000000742, 98.96657857587415
22.12000000000074, 99.09083750795459
22.130000000000745, 99.20487873808884
22.14000000000075, 99.28874058113512
22.150000000000748, 99.31911684413784
22.160000000000746, 99.31098438083413
22.17000000000075, 99.32100431712723
22.18000000000075, 99.36773699650264
22.190000000000754, 99.40345209456856
22.200000000000756, 99.39294410884428
22.210000000000758, 99.34804710950587
22.22000000000076, 99.2878684633973
22.23000000000076, 99.23151553736233
22.240000000000755, 99.19289815201233
22.250000000000764, 99.1533799088604
22.260000000000765, 99.08533343637727
22.270000000000767, 98.99809790686959
22.28000000000077, 98.92085645758506
22.290000000000767, 98.84592486551256
22.300000000000768, 98.73348638037687
22.310000000000777, 98.57178503208067
22.32000000000077, 98.38756224527444
22.330000000000776, 98.2104046113542
22.34000000000078, 98.07030935256722
22.35000000000078, 97.97011053297436
22.36000000000078, 97.82910076086755
22.370000000000783, 97.58363526633796
22.380000000000784, 97.33019764484335
22.390000000000786, 97.19308062947823
22.400000000000787, 97.13571660864548
22.41000000000079, 97.05242103846562
22.42000000000079, 96.92204959592989
22.430000000000796, 96.78310608278913
22.44000000000079, 96.65823685071042
22.45000000000079, 96.55190297063389
22.460000000000797, 96.46563954846647
22.4700000000008, 96.39773631519593
22.480000000000796, 96.34789240525673
22.490000000000798, 96.31989813016668
22.5000000000008, 96.31624129128625
22.510000000000804, 96.33222469229278
22.520000000000806, 96.36145886665217
22.530000000000808, 96.39755434783054
22.54000000000081, 96.4349090278286
22.55000000000081, 96.47565167130286
22.560000000000812, 96.52680864242032
22.570000000000817, 96.60440255247265
22.580000000000815, 96.73123732485305
22.590000000000817, 96.89964377118626
22.600000000000822, 97.06316251964692
22.61000000000082, 97.19295250639378
22.62000000000082, 97.29860618437112
22.63000000000082, 97.40130328603199
22.640000000000825, 97.54358339623002
22.650000000000826, 97.75179388670311
22.660000000000828, 97.95910043681143
22.67000000000083, 98.08955772210899
22.680000000000827, 98.20010769168896
22.690000000000833, 98.3973908290659
22.700000000000834, 98.66047326079945
22.710000000000836, 98.88447353327831
22.720000000000837, 99.0424553662956
22.730000000000842, 99.18815974778451
22.740000000000837, 99.35139762142539
22.750000000000842, 99.52000654203361
22.760000000000844, 99.68397648062017
22.77000000000084, 99.84642732429683
22.780000000000847, 100.010642614758
22.79000000000085, 100.17382314458459
22.800000000000846, 100.33361394468126
22.810000000000848, 100.49803795911369
22.82000000000085, 100.67528731290315
22.830000000000854, 100.8407553102273
22.840000000000856, 100.95501001843039
22.850000000000858, 101.02873948353607
22.86000000000086, 101.11293329411679
22.87000000000086, 101.22948718488098
22.880000000000862, 101.36330378408555
22.890000000000864, 101.49703875191655
22.90000000000087, 101.61335652394604
22.910000000000867, 101.7023033152631
22.920000000000872, 101.77472106418945
22.93000000000087, 101.84573666612253
22.94000000000087, 101.9333575256909
22.950000000000873, 102.05141523479428
22.960000000000875, 102.17845809007856
22.970000000000873, 102.2806171336837
22.98000000000088, 102.35772587897276
22.99000000000088, 102.4312367614261
23.000000000000878, 102.5108331642316
23.010000000000883, 102.59427522564219
23.02000000000088, 102.67882254756266
23.030000000000886, 102.76174538631321
23.040000000000887, 102.84251671657454
23.050000000000885, 102.92549669492804
23.06000000000089, 103.01430548500828
23.070000000000892, 103.10774090789491
23.080000000000894, 103.2035610596324
23.09000000000089, 103.29952403626515
23.100000000000897, 103.39338793383754
23.1100000000009, 103.482910848394
23.120000000000896, 103.56585087597891
23.1300000000009, 103.63996611263673
23.1400000000009, 103.70301465441179
23.150000000000905, 103.75275459734851
23.160000000000906, 103.7869440374914
23.170000000000908, 103.80334107088468
23.180000000000913, 103.79972248876685
23.19000000000091, 103.78535386154894
23.200000000000912, 103.80051803592448
23.210000000000917, 103.87409208500738
23.220000000000915, 103.96455108998629
23.230000000000917, 104.02083221198964
23.240000000000922, 104.05372645971163
23.25000000000092, 104.09611696309592
23.260000000000918, 104.14079528166027
23.270000000000927, 104.15698143303283
23.280000000000925, 104.1506440789702
23.290000000000923, 104.16220156190589
23.300000000000928, 104.20458016155307
23.31000000000093, 104.25015775354719
23.32000000000093, 104.28543513166385
23.330000000000933, 104.33349995226862
23.340000000000934, 104.41106173744751
23.350000000000932, 104.49825483374022
23.360000000000937, 104.56809803541867
23.370000000000935, 104.59584846523406
23.380000000000937, 104.5643691153132
23.390000000000942, 104.51470481847461
23.40000000000094, 104.51283092474607
23.41000000000094, 104.5616006737624
23.420000000000947, 104.61670518925487
23.430000000000945, 104.65753962995997
23.44000000000095, 104.69164383273664
23.45000000000095, 104.72846359738905
23.460000000000953, 104.77808215753907
23.470000000000958, 104.83567323869363
23.480000000000956, 104.85765719175686
23.490000000000958, 104.8160647451945
23.500000000000963, 104.77144277294879
23.51000000000096, 104.7915136293086
23.520000000000962, 104.84514667323191
23.530000000000964, 104.86795588491177
23.540000000000965, 104.86036607582177
23.550000000000967, 104.86082454199449
23.56000000000097, 104.88171407080394
23.57000000000097, 104.91123765539146
23.58000000000097, 104.9367197475155
23.590000000000973, 104.9455800296566
23.600000000000975, 104.93921167519973
23.610000000000973, 104.94756991788516
23.620000000000978, 104.98863989043873
23.63000000000098, 105.031493269436
23.640000000000978, 105.04396292440812
23.650000000000983, 105.03592447467146
23.660000000000984, 105.02871166133824
23.670000000000982, 105.0303498863764
23.680000000000987, 105.04121052352798
23.69000000000099, 105.04470404382064
23.700000000000983, 105.01346420994125
23.710000000000992, 104.96184886579051
23.720000000000997, 104.9492571181886
23.730000000000995, 104.99307548081946
23.740000000000997, 105.03862697826861
23.750000000000995, 105.04678774698625
23.760000000000996, 105.03346777103559
23.770000000001, 105.01937785884216
23.780000000001003, 105.01127885777387
23.790000000001005, 105.01254367959656
23.800000000001006, 105.02654523607595
23.810000000001008, 105.05616356000967
23.82000000000101, 105.09926482367926
23.830000000001014, 105.1503123867236
23.840000000001012, 105.19499491528448
23.850000000001014, 105.21185882598652
23.860000000001016, 105.19863310155927
23.870000000001017, 105.17838026119969
23.88000000000102, 105.17586402560366
23.89000000000102, 105.21583572123542
23.900000000001018, 105.30318824416446
23.910000000001023, 105.38264845874089
23.920000000001025, 105.4032450537255
23.930000000001023, 105.38884954492389
23.940000000001028, 105.38089910877625
23.95000000000103, 105.38412556565235
23.960000000001035, 105.38691245384544
23.970000000001033, 105.38629654956854
23.98000000000103, 105.38537285432693
23.990000000001036, 105.38543672804738
24.00000000000104, 105.38577245197867
24.01000000000104, 105.38590244484733
24.020000000001037, 105.38587049393455
24.030000000001042, 105.3857658159595
24.04000000000104, 105.38567762724391
24.05000000000104, 105.38566555147673
24.060000000001047, 105.38567917530267
24.07000000000105, 105.38566098377352
24.080000000001046, 105.38566243943943
24.090000000001055, 105.38575125495827
24.100000000001053, 105.38576720478963
24.110000000001058, 105.38546328776431
24.120000000001056, 105.38529515560617
24.130000000001058, 105.3862965160921
24.14000000000106, 105.38900901762611
24.150000000001054, 105.39333424360694
24.160000000001062, 105.39913324770322
24.170000000001064, 105.4062670835836
24.180000000001066, 105.41459680491675
24.190000000001067, 105.42398346537124
24.200000000001072, 105.43428811861585
24.210000000001067, 105.44537181831912
24.22000000000107, 105.45709561814972
24.230000000001077, 105.46932057177631
24.24000000000107, 105.48115082957452
24.250000000001076, 105.48233416555657
24.260000000001078, 105.45725448505104
24.27000000000108, 105.41227499070601
24.28000000000108, 105.37575735957168
24.29000000000108, 105.36254794649774
24.30000000000108, 105.3656824855149
24.310000000001082, 105.37639538960019
24.320000000001087, 105.38592120949357
24.33000000000109, 105.38808948041157
24.34000000000109, 105.38596404937977
24.350000000001092, 105.38403310412443
24.360000000001094, 105.38323843582033
24.370000000001095, 105.38327974204164
24.380000000001093, 105.3838553940574
24.390000000001102, 105.38466376313669
24.4000000000011, 105.38540322054847
24.4100000000011, 105.38578017037787
24.420000000001103, 105.38576695962108
24.430000000001108, 105.38565550648089
24.440000000001103, 105.38563726424593
24.450000000001108, 105.38568701196347
24.460000000001113, 105.38573976796447
24.47000000000111, 105.3856835033894
24.48000000000111, 105.38549677135279
24.490000000001118, 105.3855900494254
24.500000000001116, 105.38636977246897
24.510000000001117, 105.38738806250551
24.52000000000112, 105.38783235203005
24.53000000000112, 105.3868887095189
24.54000000000112, 105.38393154107895
24.550000000001123, 105.38243437507592
24.560000000001125, 105.38974038881973
24.570000000001126, 105.40812409921175
24.580000000001128, 105.43228963206509
24.59000000000113, 105.4563490716499
24.600000000001128, 105.47441474806902
24.610000000001133, 105.48245072232483
24.620000000001134, 105.48272809387083
24.630000000001132, 105.47885956415756
24.640000000001137, 105.47445783463559
24.650000000001135, 105.47272788386158
24.66000000000114, 105.47330597043798
24.670000000001142, 105.47406099945303
24.68000000000114, 105.47404439508936
24.690000000001145, 105.47327212991891
24.700000000001147, 105.47275003832985
24.710000000001145, 105.4745598247494
24.720000000001146, 105.47710351362298
24.730000000001155, 105.47227452689002
24.74000000000115, 105.45469770032778
24.750000000001158, 105.42801783251898
24.76000000000116, 105.39736603265376
24.770000000001158, 105.3678734099224
24.780000000001163, 105.34467107351504
24.790000000001164, 105.33289013262193
24.800000000001162, 105.33766169643334
24.810000000001168, 105.36411687413938
24.820000000001166, 105.41591112809516
24.830000000001167, 105.46664982368148
24.840000000001172, 105.46317096701442
24.850000000001167, 105.40911187852231
24.86000000000117, 105.38831931500575
24.870000000001177, 105.43624771516042
24.880000000001175, 105.47405056192422
24.890000000001177, 105.44186686403265
24.90000000000118, 105.38883649960523
24.910000000001176, 105.372905760774
24.920000000001178, 105.38306958281333
24.930000000001183, 105.3892455938819
24.94000000000118, 105.38702342091875
24.950000000001186, 105.38440898487774
24.960000000001187, 105.38458604425774
24.970000000001185, 105.38703047361476
24.980000000001183, 105.39039485260389
24.99000000000119, 105.39251154945111
25.00000000000119, 105.39116974832613
25.010000000001195, 105.38417325429481
25.020000000001193, 105.37561607501416
25.0300000000012, 105.38566365710003
25.0400000000012, 105.42666039962674
25.0500000000012, 105.4694763896768
25.060000000001203, 105.48157799761427
25.0700000000012, 105.47494419605145
25.080000000001206, 105.47596582367397
25.090000000001204, 105.47874572188864
25.100000000001213, 105.45920027521908
25.11000000000121, 105.41582883454753
25.120000000001212, 105.3674543659805
25.130000000001218, 105.32578765229842
25.140000000001216, 105.29204297101992
25.150000000001214, 105.26670089419684
25.160000000001222, 105.25024199388089
25.17000000000122, 105.24314684212378
25.180000000001222, 105.24589601097725
25.190000000001227, 105.25897007249304
25.200000000001225, 105.28284959872289
25.210000000001223, 105.31801516171852
25.220000000001228, 105.36494733353173
25.23000000000123, 105.42252178083879
25.240000000001228, 105.46782551351458
25.250000000001233, 105.46388007065404
25.260000000001234, 105.4164184201779
25.270000000001232, 105.37706034825226
25.280000000001237, 105.37306890523142
25.29000000000124, 105.38887715448132
25.300000000001237, 105.40980518003556
25.31000000000124, 105.43283502114625
25.320000000001244, 105.45670192329969
25.330000000001245, 105.48014113198211
25.340000000001247, 105.50188789267979
25.35000000000125, 105.52067745087908
25.360000000001246, 105.53524505206623
25.37000000000125, 105.54432594172752
25.380000000001253, 105.54665536534921
25.390000000001255, 105.54096856841765
25.400000000001256, 105.52600079641905
25.410000000001254, 105.50048729483979
25.42000000000126, 105.4632116374059
25.43000000000126, 105.41877309573907
25.440000000001262, 105.3830464435989
25.450000000001264, 105.37000516891435
25.460000000001266, 105.38407007966526
25.470000000001264, 105.42360875005515
25.48000000000127, 105.46682088338972
25.49000000000127, 105.48846924711538
25.500000000001272, 105.48228165986406
25.510000000001273, 105.45134365894317
25.520000000001275, 105.4074483771634
25.530000000001277, 105.36801301813708
25.540000000001278, 105.34126025675022
25.55000000000128, 105.32577576630152
25.56000000000128, 105.31970013889769
25.570000000001283, 105.32117396664523
25.58000000000128, 105.32833784165082
25.590000000001286, 105.33933235602109
25.600000000001288, 105.35229810186263
25.610000000001286, 105.36537567128202
25.62000000000129, 105.37670565638595
25.63000000000129, 105.38442864928099
25.640000000001294, 105.38702481846806
25.65000000000129, 105.38620760214542
25.660000000001297, 105.38534238207987
25.6700000000013, 105.38548204446772
25.6800000000013, 105.38575570186498
25.690000000001298, 105.38574501424198
25.700000000001303, 105.3856643843911
25.710000000001305, 105.38566039504887
25.72000000000131, 105.38567992206998
25.730000000001308, 105.38567545121106
25.74000000000131, 105.38567799334885
25.750000000001307, 105.3857104313303
25.760000000001313, 105.38569591252813
25.770000000001318, 105.38557151450136
25.780000000001316, 105.38557811132853
25.790000000001314, 105.38600740130471
25.800000000001322, 105.38614675036862
25.810000000001313, 105.38475247912785
25.820000000001322, 105.38373747940821
25.830000000001323, 105.38807654079889
25.840000000001325, 105.39787806277167
25.850000000001323, 105.40581288194412
25.860000000001328, 105.40394763505465
25.870000000001333, 105.38434935919524
25.88000000000133, 105.34460006626954
25.890000000001333, 105.30164639342485
25.90000000000133, 105.27380907378932
25.91000000000134, 105.263422229665
25.92000000000134, 105.26729339376215
25.930000000001336, 105.28222480667249
25.94000000000134, 105.30501870898775
25.950000000001346, 105.33247734129954
25.960000000001344, 105.3614029441996
25.970000000001345, 105.38859775827957
25.980000000001347, 105.41086402413123
25.99000000000135, 105.42500398234621
26.000000000001346, 105.42781987351619
26.010000000001348, 105.41611393823288
26.020000000001353, 105.38668841708798
26.030000000001355, 105.34115296729235
26.04000000000136, 105.30187517110905
26.050000000001358, 105.29161136546719
26.06000000000136, 105.29717997540496
26.07000000000136, 105.29212581946364
26.080000000001363, 105.27154183970623
26.090000000001368, 105.24436744161247
26.100000000001366, 105.21976880218352
26.11000000000137, 105.20675572006229
26.12000000000137, 105.20671797303892
26.13000000000137, 105.2101701511577
26.140000000001372, 105.21057768908155
26.150000000001377, 105.20960432092454
26.160000000001375, 105.20932742539227
26.170000000001377, 105.2096154778451
26.180000000001378, 105.20990318015095
26.190000000001383, 105.2097836699145
26.200000000001378, 105.20898455685058
26.210000000001383, 105.20794061785934
26.220000000001388, 105.20744794377387
26.230000000001382, 105.20830552938733
26.24000000000139, 105.21118650846425
26.25000000000139, 105.21300515597622
26.26000000000139, 105.20652768481139
26.270000000001396, 105.19758233605397
26.280000000001394, 105.21482389896492
26.290000000001395, 105.26596187908595
26.300000000001397, 105.29765985205138
26.3100000000014, 105.26707307478739
26.320000000001397, 105.21568998740572
26.3300000000014, 105.19757977053334
26.340000000001403, 105.20628394672393
26.35000000000141, 105.21294057360322
26.360000000001406, 105.21121173213035
26.370000000001404, 105.20848399076358
26.380000000001413, 105.20838674103494
26.390000000001415, 105.2108332188967
26.40000000000141, 105.21280252208447
26.410000000001414, 105.20749498831746
26.420000000001416, 105.19857274877447
26.430000000001417, 105.2120050726509
26.44000000000142, 105.25933519959152
26.45000000000142, 105.29674720299687
26.460000000001422, 105.28062196096715
26.470000000001424, 105.22486517865346
26.480000000001425, 105.161627492607
26.490000000001423, 105.12307595882685
26.500000000001428, 105.13800735343706
26.510000000001426, 105.18756347665321
26.520000000001424, 105.21898114300299
26.530000000001433, 105.21684545888203
26.540000000001434, 105.20771295302583
26.550000000001436, 105.20732437927266
26.560000000001438, 105.20995157748422
26.570000000001436, 105.21036156343179
26.58000000000144, 105.20964813621234
26.590000000001446, 105.20944335107117
26.600000000001437, 105.20962453021158
26.610000000001445, 105.2097079272948
26.620000000001447, 105.2096655314716
26.63000000000145, 105.20963526645937
26.640000000001447, 105.2096440468394
26.65000000000145, 105.20965417165492
26.660000000001453, 105.20965275971336
26.67000000000146, 105.20964958363696
26.680000000001453, 105.20964964302038
26.690000000001458, 105.20965058459994
26.70000000000146, 105.20965067206585
26.71000000000146, 105.20965040796702
26.72000000000146, 105.20965035203598
26.73000000000146, 105.20965042170293
26.740000000001466, 105.2096504466465
26.750000000001467, 105.20965042956001
26.760000000001472, 105.2096504200648
26.77000000000147, 105.20965042388104
26.780000000001476, 105.20965042688269
26.790000000001474, 105.20965042602407
26.80000000000147, 105.20965042604928
26.810000000001477, 105.20965042702807
26.820000000001478, 105.20965042400361
26.830000000001476, 105.20965041961313
26.840000000001474, 105.20965042889225
26.850000000001483, 105.20965044796036
26.860000000001488, 105.20965042449515
26.87000000000148, 105.20965034854395
26.880000000001484, 105.20965039759628
26.89000000000149, 105.20965067989421
26.900000000001487, 105.20965062160782
26.910000000001492, 105.20964963223895
26.920000000001494, 105.20964945604447
26.930000000001495, 105.20965273777017
26.9400000000015, 105.20965459587842
26.9500000000015, 105.20964432509876
26.960000000001497, 105.20963391348987
26.9700000000015, 105.20966393440888
26.980000000001503, 105.20971202274747
26.99000000000151, 105.20963177161352
27.0000000000015, 105.20943182637869
27.01000000000151, 105.20961984025067
27.020000000001513, 105.2103903689827
27.03000000000151, 105.21005449862774
27.04000000000151, 105.2072684038197
27.050000000001518, 105.20735133951426
27.060000000001516, 105.216875566904
27.070000000001514, 105.22020811356138
27.08000000000151, 105.18836438941726
27.09000000000152, 105.13682322516614
27.10000000000152, 105.12601202963134
27.110000000001524, 105.17106992968712
27.12000000000152, 105.21488255813378
27.13000000000153, 105.22009471189374
27.140000000001532, 105.20936490726136
27.15000000000153, 105.20658120893818
27.160000000001528, 105.20934392745133
27.170000000001533, 105.21051103546299
27.180000000001538, 105.20985293756641
27.190000000001532, 105.20941993038083
27.200000000001534, 105.20955999541809
27.210000000001543, 105.20971164738324
27.22000000000154, 105.20969024389247
27.230000000001542, 105.20962670774688
27.240000000001544, 105.2095967614765
27.250000000001545, 105.20959699799072
27.26000000000155, 105.2096191789314
27.270000000001545, 105.20965505216006
27.280000000001547, 105.20968443355288
27.29000000000155, 105.20965340117475
27.300000000001553, 105.20955309283491
27.31000000000155, 105.20960164026708
27.320000000001556, 105.20996035521664
27.33000000000156, 105.20993612059377
27.340000000001563, 105.20870563441129
27.35000000000156, 105.20832062547665
27.360000000001563, 105.21232061841054
27.370000000001564, 105.2151814232787
27.38000000000157, 105.2026538635816
27.390000000001564, 105.1719628946868
27.400000000001565, 105.13774645037168
27.41000000000157, 105.11603373035727
27.42000000000157, 105.12285290921827
27.430000000001574, 105.16357062597854
27.44000000000157, 105.20661431705501
27.450000000001577, 105.21988121752372
27.460000000001582, 105.21222687030976
27.470000000001576, 105.20475743596366
27.48000000000158, 105.203200739137
27.490000000001583, 105.20519722662183
27.50000000000158, 105.20831548623259
27.51000000000158, 105.21017844014631
27.520000000001584, 105.2101223169021
27.530000000001593, 105.20949708401476
27.54000000000159, 105.20930840330304
27.550000000001592, 105.20974738366927
27.560000000001594, 105.21043833133042
27.570000000001595, 105.2096951766272
27.5800000000016, 105.2063880571207
27.590000000001595, 105.20269303608028
27.600000000001597, 105.20166638066665
27.610000000001605, 105.20636436570305
27.6200000000016, 105.21822805692413
27.63000000000161, 105.2203841769693
27.640000000001606, 105.1865204273731
27.650000000001608, 105.13529019088776
27.660000000001613, 105.12704146749446
27.67000000000161, 105.17342577956008
27.68000000000161, 105.21508038328565
27.690000000001618, 105.21730257993548
27.700000000001612, 105.20958874685846
27.710000000001614, 105.21551607923865
27.720000000001615, 105.21161816312869
27.730000000001624, 105.17414960731112
27.740000000001622, 105.12900383266364
27.750000000001624, 105.11406896371153
27.76000000000162, 105.1313153165475
27.77000000000163, 105.1645809783133
27.78000000000163, 105.19756477785815
27.790000000001626, 105.21444702540751
27.80000000000163, 105.21345482659527
27.810000000001637, 105.20865917323664
27.820000000001638, 105.2083982041553
27.830000000001636, 105.2098113376695
27.840000000001638, 105.21013043649812
27.850000000001643, 105.20965427428186
27.860000000001637, 105.2091731291356
27.87000000000164, 105.20947727917445
27.880000000001644, 105.21135700251328
27.890000000001642, 105.21560257726716
27.90000000000165, 105.22300428155104
27.91000000000165, 105.23435239347974
27.920000000001647, 105.25043719116846
27.930000000001655, 105.27204895273206
27.940000000001653, 105.29997795628559
27.95000000000166, 105.33501447994395
27.960000000001656, 105.37794880182211
27.970000000001658, 105.42957120003516
27.98000000000166, 105.49067195269794
27.99000000000166, 105.56204133792554
