TrialIdx,j1,j2,x1,x2,x3,a1,a2,a3,a4,a5,a6,a7,a8,a9,a10,a11,b1,b2,b3,b4,c1,c2,c3
0,0.709,0.8,0.4541394367814064,0.8151097983121872,0.5440351522527636,0.5722339,0.2348661,0.8071,0.9712893601059926,0.2428223400264981,1.2141117001324908,0.9701074711681252,1.7772074711681252,0.275395238253601,1.489506938386092,3.266714409554217,0.2428223400264981,1.204973571168125,1.2466845983595938,0.5722339,0.4243410605811681,2.10573608303899,2.17862765271263
1,0.709,0.8,0.7262317425105721,0.4258818982169032,0.9039163600653408,1.2115392,0.4972608000000001,1.7088,0.0852150643658544,0.0213037660914636,0.1065188304573181,0.6441679301715791,2.3529679301715793,0.1435947125302912,0.2501135429876093,2.6030814731591887,0.0213037660914636,1.1414287301715793,0.2288097768961457,1.2115392,0.0175840501829933,0.9421310760490286,0.1888587483559308
2,0.709,0.8,0.9215457250829786,0.9038889469578862,0.652034564781934,1.1817612,0.4850388000000001,1.6668,0.6979706376028116,0.1744926594007028,0.8724632970035144,0.1419002680739651,1.8087002680739652,0.0927695448625826,0.9652328418660971,2.7739331099400624,0.1744926594007028,0.6269390680739653,0.7907401824653943,1.1817612,0.1476547541082774,0.5305124826182864,0.6691201085848768
3,0.709,0.8,0.6433957011438907,0.6552666623145342,0.8000925032421946,0.9696284,0.3979716,1.3676,0.2784055426665944,0.0696013856666485,0.348006928333243,0.7579970432636546,2.1255970432636544,0.1830851420370276,0.5310920703702706,2.656689113633925,0.0696013856666485,1.155968643263655,0.461490684703622,0.9696284,0.0717815048183908,1.1921769651792942,0.4759459239267559
4,0.709,0.8,0.6722587832715363,0.9500534985214472,0.8662462281063199,1.0583952,0.4344048,1.4928,0.2605960756591598,0.0651490189147899,0.3257450945739497,0.7277734415775327,2.2205734415775327,0.0171251701857733,0.342870264759723,2.5634437063372557,0.0651490189147899,1.1621782415775326,0.2777212458449331,1.0583952,0.0615545298342149,1.098056984364189,0.262398436656679
5,0.709,0.8,0.944245167542249,0.589033062942326,0.5784421958960593,1.0387559,0.4263441,1.4651,0.5328553428723345,0.1332138357180835,0.666069178590418,0.0865097411580834,1.5516097411580834,0.4647148477990052,1.130784026389423,2.6823937675475067,0.1332138357180835,0.5128538411580834,0.9975701906713396,1.0387559,0.1282436381040854,0.4937193051400078,0.9603509262102288
6,0.709,0.8,0.8579774949699641,0.7312338573858141,0.779786130785942,1.2256482999999998,0.5030517,1.7287,0.3328581349991364,0.083214533749784,0.4160726687489205,0.2861547137131119,2.014854713713112,0.1529281571105308,0.5690008258594514,2.5838555395725633,0.083214533749784,0.789206413713112,0.4857862921096673,1.2256482999999998,0.0678943003060373,0.6439093610402854,0.3963504800762726
7,0.709,0.8,0.5802062089089304,0.5295322731137275,0.6756666417233645,0.7374309,0.3026691,1.0401,0.3645308484115804,0.091132712102895,0.4556635605144755,0.7525385206319894,1.7926385206319897,0.4048384025388939,0.8605019630533695,2.653140483685359,0.091132712102895,1.0552076206319896,0.7693692509504744,0.7374309,0.1235813580674407,1.430924064386222,1.0433102965314776
8,0.709,0.8,0.7809429252636317,0.4721177118656732,0.727451567993472,1.0407411,0.4271589,1.4679,0.2659849473808696,0.0664962368452174,0.332481184226087,0.4117508073934652,1.8796508073934652,0.3717524758757913,0.7042336601018784,2.5838844674953436,0.0664962368452174,0.8389097073934653,0.637737423256661,1.0407411,0.0638931592547055,0.806069547357614,0.6127724015671727
9,0.709,0.8,0.9899644803657563,0.9971696540516292,0.9494039181353264,1.76343189,0.7237781100000001,2.48721,0.1068114350653163,0.026702858766329,0.1335142938316454,0.0252134751140416,2.512423475114042,0.0003789642404986,0.1338932580721441,2.646316733186186,0.026702858766329,0.7489915851140417,0.107190399305815,1.76343189,0.0151425518148756,0.4247351935515024,0.0607851088061104
10,0.709,0.8,0.6993114489688069,0.7713645270752942,0.5036801249576881,0.7014278799999999,0.28789212,0.98932,0.8602459824389493,0.2150614956097372,1.0753074780486866,0.4253858531057011,1.414705853105701,0.3187253563698502,1.3940328344185369,2.808738687524238,0.2150614956097372,0.7132779731057012,1.1789713388087997,0.7014278799999999,0.3066052857918013,1.016894243076995,1.6808161928333951`
11,0.709,0.8,0.5219518693652795,0.856256466100261,0.8328096192346547,0.8298845,0.3406155,1.1705,0.3083900560351239,0.0770975140087809,0.3854875700439049,1.0720439369024364,2.2425439369024365,0.0647134915604197,0.4502010616043246,2.692744998506761,0.0770975140087809,1.4126594369024366,0.3731035475955436,0.8298845,0.0929014989541086,1.702236199016172,0.44958490921995004
12,0.709,0.8,0.6114324308833363,0.9750588717694352,0.6099911874291586,0.6958126,0.2855874,0.9814,0.8005146201990485,0.200128655049762,1.0006432752488106,0.6236833263491954,1.6050833263491957,0.0255955542415027,1.0262388294903133,2.631322155839509,0.200128655049762,0.9092707263491956,0.8261101744405512,0.6958126,0.2876186131865995,1.3067753104056976,1.1872595788586628
13,0.709,0.8,0.9762702092136776,0.5046479350199141,0.9347517859972094,1.6516155,0.6778845000000001,2.3295,0.0672424440216915,0.0168106110054228,0.0840530550271144,0.0566221801249693,2.3861221801249695,0.0825047552684882,0.1665578102956026,2.552679990420572,0.0168106110054228,0.7345066801249694,0.1497471992901798,1.6516155,0.0101782836292241,0.4447201422637227,0.09066710701745037
14,0.709,0.8,0.4741017849823201,0.4522292441215302,0.5235818690490716,0.6183189,0.2537811,0.8721,0.6055458166555332,0.1513864541638832,0.7569322708194164,0.9673784150254184,1.8394784150254184,0.9168477437609795,1.673780014580396,3.5132584296058145,0.1513864541638832,1.2211595150254184,1.5223935604165129,0.6183189,0.2448355600384902,1.9749671488699736,2.462149483731636
15,0.709,0.8,0.4937982645354389,0.4013643670966685,0.8803561321907342,2.6942709,1.1058291000000002,3.8001,0.3358198142489927,0.0839549535622481,0.4197747678112409,3.8955528058580784,7.695652805858078,0.6260947767319054,1.0458695445431463,8.741522350401224,0.0839549535622481,5.001381905858079,0.9619145909808982,2.6942709,0.0311605464625877,1.856302536563075,0.3570222248181867
16,0.709,0.8,0.5477940103178361,0.7525584803414318,0.6977338704836032,0.8013118,0.3288882000000001,1.1302,0.538106135578613,0.1345265338946532,0.6726326694732662,0.9329842968568524,2.063184296856853,0.2211618821050992,0.8937945515783654,2.956978848435218,0.1345265338946532,1.2618724968568524,0.7592680176837122,0.8013118,0.1678828814135187,1.5747584109666828,0.9475313076429327
17,0.709,0.8,0.7532101637527698,0.6307979191760675,0.6259141768877668,0.984801,0.404199,1.389,0.5561894855853164,0.139047371396329,0.6952368569816455,0.4551068201728606,1.8441068201728603,0.406917788502516,1.1021546454841615,2.946261465657022,0.139047371396329,0.8593058201728606,0.9631072740878324,0.984801,0.141193369418115,0.8725679809147845,0.977971462343999
18,0.709,0.8,0.8158861742505665,0.8761356893675063,0.7508210736103096,1.2009042,0.4928958,1.6938,0.4829128591419578,0.1207282147854894,0.6036410739274473,0.3822248836865541,2.076024883686554,0.0853401891954185,0.6889812631228658,2.76500614680942,0.1207282147854894,0.8751206836865542,0.5682530483373763,1.2009042,0.1005310954741347,0.7287181472814853,0.473187660045969
19,0.709,0.8,0.7902773290823787,0.4108755211044075,0.5102825798623749,0.817477,0.335523,1.153,0.4602405173354034,0.1150601293338508,0.5753006466692543,0.3059814962031019,1.458981496203102,0.8248816886591741,1.4001823353284284,2.8591638315315304,0.1150601293338508,0.641504496203102,1.2851222059945775,0.817477,0.1407502955237282,0.7847370582941195,1.572059160067595
20,0.709,0.8,0.8351488118754502,0.927207579452773,0.9202592674531496,1.5255553,0.6261447000000001,2.1517,0.1655979032975236,0.0413994758243809,0.2069973791219045,0.4247270623435832,2.576427062343583,0.0162507734051401,0.2232481525270446,2.7996752148706276,0.0413994758243809,1.0508717623435833,0.1818486767026637,1.5255553,0.0271373157199748,0.6888454075336261,0.11920162887747418
21,0.709,0.8,0.8815959257625985,0.5687278527354136,0.8153016587481997,1.2521649,0.5139351000000001,1.7661,0.2064832703526072,0.0516208175881517,0.258104087940759,0.2371987317543322,2.0032987317543323,0.1957229695865878,0.4538270575273468,2.457125789281679,0.0516208175881517,0.7511338317543323,0.4022062399391951,1.2521649,0.0412252552264895,0.5998681417713693,0.32120868420700427
22,0.709,0.8,0.4644579660011302,0.6802241469919922,0.9432378075777108,0.8666107,0.3556893,1.2223,0.0861809721890334,0.0215452430472583,0.1077262152362918,1.4093697946290054,2.6316697946290053,0.0506424867756348,0.1583687020119266,2.790038496640932,0.0215452430472583,1.7650590946290057,0.1368234589646683,0.8666107,0.0248615013030168,2.036738173933238,0.15788341750761709
23,0.709,0.8,0.9644728762871096,0.4421022649622224,0.7168132832690721,1.2473437,0.5119563000000001,1.7593,0.2548762945709315,0.0637190736427328,0.3185953682136644,0.0648052115148148,1.8241052115148149,0.4020418993671482,0.7206372675808126,2.5447424790956275,0.0637190736427328,0.576761511514815,0.6569181939380797,1.2473437,0.0510838140624215,0.4623918103044213,0.5266537153617561
24,0.709,0.8,0.4601440847169564,0.8177419986554079,0.7936906704029704,0.7575664999999999,0.3109335,1.0685,0.3948703875165146,0.0987175968791286,0.4935879843956432,1.2535987414349898,2.32209874143499,0.1100106875659745,0.6035986719616178,2.9256974133966076,0.0987175968791286,1.5645322414349898,0.5048810750824891,0.7575664999999999,0.1303088202542333,2.065207795533448,0.6664511631420993
25,0.709,0.8,0.4942049630751902,0.7239756461225757,0.5590876294614177,0.60942095,0.25012905,0.85955,0.7944203985634521,0.1986050996408629,0.9930254982043152,0.8797081301722476,1.7392581301722476,0.3786028204037763,1.371628318608091,3.110886448780339,0.1986050996408629,1.1298371801722475,1.1730232189672285,0.60942095,0.3258914870597458,1.8539519853596231,1.924816038843477
26,0.709,0.8,0.4743683411913509,0.9480605405046684,0.5,0.48465822,0.19892178,0.68358,1.0929485262875251,0.2732371315718812,1.3661856578594065,0.7574520854954717,1.4410320854954717,0.0748464276360651,1.4410320854954717,2.8820641709909434,0.2732371315718812,0.9563738654954718,1.1677949539235903,0.48465822,0.5637728203018639,1.9732954606557005,2.409522640353836
27,0.709,0.8,0.45,0.8103091560793472,0.5850334777142253,0.5477734,0.2248266,0.7726,0.7894329796688272,0.1973582449172067,0.986791224586034,0.9442888888888888,1.716888888888889,0.2310047452393462,1.2177959698253802,2.934684858714269,0.1973582449172067,1.1691154888888888,1.0204377249081735,0.5477734,0.3602917646552511,2.134304967873374,1.862882945590592
28,0.709,0.8,0.4549293489833731,0.6387690898514315,0.5369779505946625,0.5412505999999999,0.2221494,0.7634,0.7394133702717239,0.1848533425679309,0.9242667128396548,0.914662762285976,1.6780627622859758,0.5226829400538906,1.4469496528935455,3.1250124151795213,0.1848533425679309,1.136812162285976,1.2620963103256146,0.5412505999999999,0.3415300464663336,2.100343468045996,2.3318150784971228
29,0.709,0.8,0.4756684864868129,0.7733354221776824,0.539359374499954,0.5205477999999999,0.2136522,0.7342,0.8155524490318232,0.2038881122579557,1.019440561289779,0.8093119644411306,1.5435119644411306,0.2987979831429513,1.3182385444327305,2.861750508873861,0.2038881122579557,1.0229641644411307,1.1143504321747746,0.5205477999999999,0.3916799038588882,1.9651685482891883,2.140726427380492
30,0.709,0.8,0.4517074612481168,0.8262246078382403,0.5244596800562421,0.5907388,0.2424612,0.8332,1.10549135218212,0.2763728380455299,1.38186419022765,1.0113566466796406,1.8445566466796408,0.2906400865975131,1.6725042768251632,3.517060923504804,0.2763728380455299,1.2538178466796408,1.3961314387796333,0.5907388,0.4678427048393129,2.122457246213793,2.3633650587698543
31,0.709,0.8,0.4504632868626293,0.819136786328901,0.554221549291614,0.5832942999999999,0.2394057,0.8227,0.9626406020560716,0.2406601505140178,1.2033007525700894,1.003641955034586,1.826341955034586,0.265685590923143,1.4689863434932324,3.2953282985278185,0.2406601505140178,1.243047655034586,1.2283261929792146,0.5832942999999999,0.4125878660463815,2.1310814369943034,2.1058429560844583
32,0.709,0.8,0.5154879324202373,0.796162895492875,0.544462605103526,0.6218638999999999,0.2552361,0.8771,0.9067310875969848,0.2266827718992461,1.1334138594962309,0.8243947292402733,1.7014947292402731,0.2901815704246477,1.4235954299208786,3.125090159161152,0.2266827718992461,1.0796308292402734,1.1969126580216325,0.6218638999999999,0.364521516523545,1.7361207641097571,1.924718025956536
33,0.709,0.8,0.5393063856243109,0.7003913325254715,0.5993982933207371,0.5635841,0.2313159,0.7949,0.5519566594344861,0.1379891648586214,0.6899458242931076,0.6790302578066257,1.4739302578066258,0.295140358605959,0.9850861828990668,2.4590164407056925,0.1379891648586214,0.9103461578066258,0.8470970180404451,0.5635841,0.2448421892289393,1.6152800581255322,1.503053436107309
34,0.709,0.8,0.5533032493141481,0.7450182321393721,0.505756022528287,0.633846,0.260154,0.894,0.941090759337354,0.2352726898343384,1.1763634491716926,0.72175049687159,1.61575049687159,0.4026092503200801,1.5789726994917728,3.1947231963633627,0.2352726898343384,0.98190449687159,1.3437000096574343,0.633846,0.3711827318218281,1.5491215482492435,2.1199155783225487
35,0.709,0.8,0.493868110423345,0.808871844826667,0.5385672167671118,0.4765189,0.1955811,0.6721,0.7545033102828472,0.1886258275707117,0.943129137853559,0.6887896501211104,1.3608896501211103,0.2228517822211927,1.1659809200747515,2.5268705701958623,0.1886258275707117,0.8843707501211104,0.97735509250404,0.4765189,0.3958412301604653,1.855898580562304,2.0510311186062924
36,0.709,0.8,0.5118058273889332,0.804483195802473,0.5939553766790181,0.6354767,0.2608233,0.8963,0.7705043233934367,0.1926260808483591,0.9631304042417956,0.8549500875041437,1.7512500875041437,0.2340734767927509,1.197203881034547,2.9484539685386904,0.1926260808483591,1.1157733875041438,1.0045778001861876,0.6354767,0.3031206035537717,1.7558053466069548,1.580825544329458
37,0.709,0.8,0.5235139042512074,0.7952796945729674,0.5984998971525713,0.5796783999999999,0.2379216,0.8176,0.6665674829601363,0.166641870740034,0.8332093537001704,0.7441541260330612,1.5617541260330612,0.2144841299710927,1.047693483671263,2.609447609704324,0.166641870740034,0.9820757260330611,0.8810516129312291,0.5796783999999999,0.2874729690463437,1.6941734003424336,1.519897261880431
38,0.709,0.8,0.5203698972425269,0.6199553306935707,0.6250863598045988,0.6283867,0.2579133,0.8863,0.5066524987663668,0.1266631246915916,0.6333156234579584,0.8169115129959666,1.7032115129959666,0.3882347884877555,1.021550411945714,2.724761924941681,0.1266631246915916,1.0748248129959663,0.8948872872541223,0.6283867,0.2015687548631944,1.7104512444263489,1.4241028450381306
39,0.709,0.8,0.4918738080652055,0.9067794223607276,0.5869531723036278,0.4962291,0.2036709,0.6999,0.7263898651279888,0.1815974662819971,0.907987331409986,0.723025938571662,1.422925938571662,0.0933447555556773,1.0013320869656632,2.424258025537325,0.1815974662819971,0.926696838571662,0.8197346206836661,0.4962291,0.365954891162161,1.867477821376582,1.6519277500728315
40,0.709,0.8,0.944353543301126,0.722758658445932,0.5626607555198848,0.9679268,0.3972732,1.3652,0.649705855463991,0.1624264638659976,0.8121323193299886,0.0804450231845836,1.4456450231845837,0.3115239798227976,1.1236562991527863,2.56930132233737,0.1624264638659976,0.4777182231845837,0.9612298352867884,0.9679268,0.1678086234062304,0.4935478831504445,0.9930811248193444
41,0.709,0.8,0.8841634679757444,0.6004204014121486,0.7370290229966121,1.21216312,0.4975168800000001,1.70968,0.3313987927623434,0.0828496981905858,0.4142484909529292,0.2239895779958444,1.9336695779958448,0.2756822475407071,0.6899307384936364,2.623600316489481,0.0828496981905858,0.7215064579958446,0.6070810403030505,1.21216312,0.0683486379214258,0.5952222486325476,0.500824542742276
42,0.709,0.8,1.0,0.4,0.5,0.90800921,0.3726807900000001,1.28069,0.4098208000000001,0.1024552,0.5122760000000001,0.0,1.28069,0.768414,1.28069,2.56138,0.1024552,0.3726807900000001,1.1782348000000002,0.90800921,0.1128349788434414,0.4104372355430184,1.297602256699577
43,0.709,0.8,1.0,0.5638419807213082,0.7732426819833264,1.5292420999999998,0.6276579,2.1569,0.2853138792573065,0.0713284698143266,0.3566423490716331,0.0,2.1569,0.2758794589274626,0.6325218079990957,2.7894218079990956,0.0713284698143266,0.6276579,0.5611933381847691,1.5292420999999998,0.04664301997331,0.4104372355430183,0.3669748159462581
44,0.709,0.8,0.8839686833016127,0.6001468981655995,0.57944908669539,0.9246778,0.3795222,1.3042,0.5141125044544025,0.1285281261136006,0.6426406305680031,0.1711916339307725,1.4753916339307729,0.4281649214264991,1.0708055519945023,2.546197185925275,0.1285281261136006,0.5507138339307727,0.9422774258809016,0.9246778,0.1389977418227198,0.5955737597796472,1.0190332523187011
45,0.709,0.8,0.9313642738296192,0.5826175059314345,0.6574239370562868,1.1725442,0.4812558,1.6538,0.4312691874663072,0.1078172968665767,0.539086484332884,0.1218747241332779,1.775674724133278,0.3861972204041421,0.925283704737026,2.700958428870304,0.1078172968665767,0.6031305241332781,0.8174664078704494,1.1725442,0.0919515843126227,0.5143776448966939,0.6971732134877726
46,0.709,0.8,0.968177171666914,0.5537854379711873,0.5736809949356441,1.1240485999999998,0.4613514,1.5854,0.539112951224884,0.1347782378062209,0.673891189031105,0.0521102061851047,1.6375102061851046,0.5429901928628094,1.2168813818939144,2.854391588079019,0.1347782378062209,0.5134616061851047,1.0821031440876934,1.1240485999999998,0.1199042797671034,0.4567966244387518,0.9626835922287468
47,0.709,0.8,0.9744133925524976,0.5831771072504501,0.5903875349775184,0.9994064,0.4101936,1.4096,0.4682514013510954,0.1170628503377738,0.5853142516888692,0.0370139430899255,1.4466139430899254,0.4183504059457475,1.0036646576346169,2.450278600724542,0.1170628503377738,0.4472075430899255,0.8866018072968429,0.9994064,0.1171323801186122,0.4474731631595771,0.8871284067190714
48,0.709,0.8,0.9600547575203904,0.5869091653122689,0.5615445768411191,1.1760892,0.4827108,1.6588,0.6334321611686744,0.1583580402921685,0.7917902014608429,0.069018113504603,1.7278181135046031,0.5572945432620746,1.3490847447229175,3.0769028582275206,0.1583580402921685,0.5517289135046031,1.190726704430749,1.1760892,0.1346479844319364,0.469121656337464,1.0124459134823691
49,0.709,0.8,0.7875028833953088,0.6181832112582601,0.758036780650088,1.0909383,0.4477617,1.5387,0.3084381361656995,0.0771095340414248,0.3855476702071243,0.415197607797846,1.953897607797846,0.2381309790761105,0.6236786492832349,2.577576257081081,0.0771095340414248,0.8629593077978461,0.5465691152418101,1.0909383,0.0706818470315185,0.7910248524576011,0.5010082744751102
50,0.709,0.8,0.9868735998811942,0.5963524400932824,0.5483724990873869,1.0530068,0.4321932,1.4852,0.5913180140952868,0.1478295035238216,0.7391475176191086,0.0197546367222685,1.5049546367222686,0.5002999431869376,1.2394474608060462,2.7444020975283148,0.1478295035238216,0.4519478367222686,1.0916179572822244,1.0530068,0.1403879856462671,0.4291974531620011,1.036667528910758
51,0.709,0.8,0.9777063696176134,0.6012367276999249,0.5671446056169236,1.0359199,0.4251801,1.4611,0.5486002664127297,0.1371500666031824,0.6857503330159122,0.0333159569825086,1.4944159569825086,0.4548159388405998,1.140566271856512,2.634982228839021,0.1371500666031824,0.4584960569825087,1.0034162052533295,1.0359199,0.1323944704635777,0.4425979817382683,0.9686233513356868
52,0.709,0.8,0.9783871932018852,0.5762895209097056,0.565319708390328,0.9658707,0.3964293000000001,1.3623,0.4935924753131225,0.1233981188282806,0.6169905941414031,0.0300935324027654,1.3923935324027656,0.4536354918013857,1.0706260859427887,2.4630196183455544,0.1233981188282806,0.4265228324027655,0.9472279671145082,0.9658707,0.1277584244229384,0.4415941309771231,0.9806985211524776
53,0.709,0.8,0.9550087890062248,0.5895448226493264,0.5312718844844598,0.8807906999999999,0.3615093,1.2423,0.5412901258104342,0.1353225314526085,0.6766126572630428,0.0585257246435692,1.3008257246435693,0.471073882027467,1.1476865392905098,2.448512263934079,0.1353225314526085,0.4200350246435693,1.0123640078379013,0.8807906999999999,0.1536375570866138,0.476884036858665,1.1493809004090316
54,0.709,0.8,0.859831130713675,0.6222287180699405,0.7477125367796229,1.1865115,0.4869885,1.6735,0.3268990042035073,0.0817247510508768,0.4086237552543841,0.2728124097530238,1.946312409753024,0.248086138371023,0.6567098936254072,2.603022303378431,0.0817247510508768,0.7598009097530238,0.5749851425745304,1.1865115,0.0688781786361757,0.6403653986944281,0.4846014072131036
55,0.709,0.8,0.95599281414488,0.6011416144344134,0.5644221314215654,0.9582135,0.3932865,1.3515,0.5246745195573012,0.1311686298893252,0.6558431494466264,0.062213555168189,1.413713555168189,0.4351529381619134,1.0909960876085398,2.504709642776729,0.1311686298893252,0.4555000551681891,0.9598274577192146,0.9582135,0.1368887308405958,0.475363846541704,1.0016843404097466
56,0.709,0.8,0.652145750528898,0.4053509549918317,0.5,0.6089601,0.2499399,0.8589,0.4270897233756419,0.1067724308439104,0.5338621542195524,0.4581368729742114,1.3170368729742117,0.783174718754659,1.3170368729742117,2.634073745948423,0.1067724308439104,0.7080767729742115,1.210264442130301,0.6089601,0.1753356760876623,1.1627638214296987,1.9874281453420364
57,0.709,0.8,0.6781650568266213,0.5640360906505684,0.56598956370263,0.7817434,0.3208566,1.1026,0.5625630580989422,0.1406407645247355,0.7032038226236778,0.5232578776669248,1.6258578776669248,0.5435316864686414,1.2467355090923191,2.872593386759244,0.1406407645247355,0.8441144776669248,1.1060947445675835,0.7817434,0.1799065582449887,1.079784591295462,1.4149076852680609
58,0.709,0.8,0.7249586372618932,0.577972239016893,0.5,0.6787257,0.2785743,0.9573,0.6105648471207807,0.1526412117801951,0.7632060589009759,0.3631891297186833,1.3204891297186834,0.5572830708177074,1.3204891297186834,2.6409782594373667,0.1526412117801951,0.6417634297186834,1.1678479179384882,0.6787257,0.2248938146591401,0.9455416668599456,1.7206478522008055
59,0.709,0.8,0.6835179611388902,0.7061622015778235,0.640703585010558,0.778482,0.3195180000000001,1.098,0.5089118848661452,0.1272279712165362,0.6361398560826815,0.5083952411294244,1.6063952411294244,0.2647011329440795,0.900840989026761,2.5072362301561855,0.1272279712165362,0.8279132411294244,0.7736130178102247,0.778482,0.163430845178869,1.0634969609180744,0.9937455430057789
60,0.709,0.8,0.6645108561883681,0.4,0.5994022970206325,0.7574247,0.3108753,1.0683,0.3438200333240224,0.0859550083310055,0.4297750416550279,0.5393486788007722,1.6076486788007722,0.6446625624825418,1.0744376041375698,2.682086282938342,0.0859550083310055,0.8502239788007722,0.9884825958065642,0.7574247,0.1134832391008711,1.1225194779108367,1.305057249660018
61,0.709,0.8,0.5702415661747623,0.4,0.6280965032759074,0.6880845,0.2824155,0.9705,0.3224709026926597,0.0806177256731649,0.4030886283658246,0.7314103088366769,1.701910308836677,0.6046329425487369,1.0077215709145615,2.7096318797512384,0.0806177256731649,1.013825808836677,0.9271038452413968,0.6880845,0.1171625369749862,1.4734030614505589,1.347369175212342
62,0.709,0.8,0.553332111298745,0.4,0.5635609313475861,0.6618514999999999,0.2716485,0.9335,0.4180817098841407,0.1045204274710351,0.5226021373551759,0.7535519186189099,1.68705191861891,0.7839032060327638,1.3065053433879397,2.9935572620068496,0.1045204274710351,1.02520041861891,1.2019849159169045,0.6618514999999999,0.1579212670380518,1.548988585232352,1.8160945709375964
63,0.709,0.8,0.8404123272899979,0.8922781319581946,0.5,0.7705411999999999,0.3162588,1.0868,0.9230972391270464,0.2307743097817615,1.1538715489088078,0.2063747485243419,1.293174748524342,0.139303199615534,1.293174748524342,2.586349497048684,0.2307743097817615,0.522633548524342,1.0624004387425805,0.7705411999999999,0.2994963926416414,0.6782681426046291,1.3787717499629875
64,0.709,0.8,0.674589137994178,0.5794109434582118,0.6525831023433356,0.8064874999999999,0.3310125,1.1375,0.4161058824989982,0.1040264706247495,0.5201323531237477,0.5487115559438747,1.6862115559438746,0.3775592748930446,0.8976916280167924,2.583903183960667,0.1040264706247495,0.8797240559438747,0.7936651573920428,0.8064874999999999,0.128987083649467,1.0908092883570728,0.9841010026715143
65,0.709,0.8,0.6735046760728162,0.4,0.5541229063360035,0.6847521999999999,0.2810478,0.9658,0.3692373473543506,0.0923093368385876,0.4615466841929383,0.4681915286580464,1.4339915286580465,0.6923200262894074,1.1538667104823457,2.587858239140392,0.0923093368385876,0.7492393286580464,1.061557373643758,0.6847521999999999,0.1348069226189965,1.0941758619512965,1.5502796101184606
66,0.709,0.8,0.6432380795180718,0.4,0.6404534976256216,0.8609387,0.3533613,1.2143,0.3391342819049083,0.084783570476227,0.4239178523811354,0.6734924654426251,1.887792465442625,0.6358767785717031,1.0597946309528383,2.9475870963954636,0.084783570476227,1.026853765442625,0.9750110604766116,0.8609387,0.0984780571209391,1.192714144970629,1.1324976568908
67,0.709,0.8,0.7232856501386125,0.4,0.5,0.6620642,0.2717358,0.9338,0.4131369120108135,0.1032842280027033,0.5164211400135169,0.3572528500337923,1.2910528500337923,0.7746317100202754,1.2910528500337923,2.5821057000675847,0.1032842280027033,0.6289886500337923,1.187768622031089,0.6620642,0.1560033422781406,0.9500417784767584,1.794038436198618
68,0.709,0.8,0.5645816965034234,0.4,0.5,0.5469934999999999,0.2245065,0.7715,0.4372794965351892,0.1093198741337972,0.5465993706689866,0.5949984266724665,1.3664984266724665,0.8198990560034799,1.3664984266724665,2.732996853344933,0.1093198741337972,0.8195049266724665,1.2571785525386692,0.5469934999999999,0.199855892499266,1.4981986562408267,2.2983427637415605
69,0.709,0.8,0.7140308168891187,0.4,0.5271315596873235,0.670005,0.274995,0.945,0.3799147386753725,0.0949786846688431,0.4748934233442156,0.3784722894974829,1.3234722894974829,0.7123401350163233,1.187233558360539,2.5107058478580218,0.0949786846688431,0.653467289497483,1.092254873691696,0.670005,0.1417581729522065,0.9753170341974808,1.630218988950375
70,0.709,0.8,0.45,0.4,0.5,0.5689725,0.23352750000000003,0.8025,0.5706666666666668,0.14266666666666664,0.7133333333333334,0.9808333333333333,1.7833333333333332,1.0699999999999998,1.7833333333333332,3.5666666666666664,0.14266666666666664,1.2143608333333333,1.6406666666666667,0.5689725,0.25074439742986987,2.134304967873374,2.883560570443504
