Time (min),Force (N),Position (mm)
1.667E-05,0.38571,0.000
0.001326,0.42857,0.000
0.002636,0.30714,0.000
0.003945,0.44286,0.000
0.005254,0.34623,2.640E-05
0.006564,0.35957,0.0006000
0.007873,0.69286,0.001900
0.009183,1.1286,0.003600
0.01049,1.8899,0.005100
0.01180,3.0935,0.006500
0.01311,4.3616,0.007800
0.01442,5.7104,0.009200
0.01573,7.3414,0.01060
0.01704,8.8240,0.01200
0.01835,10.284,0.01340
0.01966,11.893,0.01480
0.02097,13.701,0.01610
0.02228,15.742,0.01750
0.02359,17.908,0.01880
0.02490,20.357,0.02010
0.02621,23.019,0.02140
0.02751,26.049,0.02280
0.02882,29.127,0.02405
0.03013,32.207,0.02530
0.03144,35.891,0.02660
0.03275,39.699,0.02800
0.03406,43.554,0.02930
0.03537,47.894,0.03060
0.03668,52.456,0.03190
0.03799,57.182,0.03320
0.03930,62.634,0.03460
0.04061,68.095,0.03590
0.04192,73.865,0.03720
0.04323,79.684,0.03850
0.04454,86.023,0.03980
0.04585,92.731,0.04110
0.04716,99.872,0.04240
0.04847,107.07,0.04370
0.04978,114.91,0.04500
0.05108,122.55,0.04630
0.05239,131.19,0.04770
0.05370,139.61,0.04900
0.05501,148.38,0.05028
0.05632,158.00,0.05160
0.05763,167.12,0.05290
0.05894,176.94,0.05420
0.06025,187.62,0.05550
0.06156,197.46,0.05680
0.06287,208.35,0.05810
0.06418,219.10,0.05940
0.06549,230.54,0.06070
0.06680,241.89,0.06200
0.06811,253.47,0.06330
0.06942,265.34,0.06460
0.07073,277.85,0.06590
0.07204,290.40,0.06730
0.07334,303.25,0.06860
0.07465,316.14,0.06990
0.07596,329.37,0.07120
0.07727,343.07,0.07250
0.07858,356.85,0.07380
0.07989,370.34,0.07505
0.08120,384.77,0.07640
0.08251,399.14,0.07770
0.08382,413.83,0.07900
0.08513,429.34,0.08040
0.08644,444.05,0.08170
0.08775,459.84,0.08300
0.08906,475.03,0.08430
0.09037,490.64,0.08560
0.09168,506.11,0.08690
0.09299,522.25,0.08820
0.09430,538.74,0.08950
0.09561,554.91,0.09080
0.09691,571.50,0.09210
0.09822,588.60,0.09340
0.09953,605.03,0.09470
0.1008,621.96,0.09600
0.1022,640.13,0.09731
0.1035,657.12,0.09860
0.1048,674.82,0.09993
0.1061,693.30,0.1013
0.1074,711.39,0.1026
0.1087,729.50,0.1039
0.1100,747.89,0.1053
0.1113,765.67,0.1065
0.1126,784.44,0.1079
0.1139,803.65,0.1092
0.1152,822.20,0.1105
0.1166,841.54,0.1118
0.1179,861.27,0.1131
0.1192,881.23,0.1144
0.1205,901.48,0.1158
0.1218,921.76,0.1171
0.1231,941.50,0.1184
0.1244,960.85,0.1197
0.1257,982.65,0.1210
0.1270,1002.9,0.1223
0.1283,1023.3,0.1236
0.1297,1043.8,0.1249
0.1310,1065.0,0.1262
0.1323,1086.0,0.1275
0.1336,1107.2,0.1288
0.1349,1129.4,0.1301
0.1362,1151.2,0.1315
0.1375,1174.4,0.1328
0.1388,1195.9,0.1341
0.1401,1219.4,0.1354
0.1414,1241.8,0.1367
0.1427,1264.2,0.1380
0.1441,1287.2,0.1393
0.1454,1309.8,0.1407
0.1467,1333.9,0.1420
0.1480,1356.9,0.1432
0.1493,1380.4,0.1446
0.1506,1404.9,0.1459
0.1519,1428.5,0.1472
0.1532,1452.9,0.1485
0.1545,1478.3,0.1498
0.1558,1501.7,0.1511
0.1571,1525.2,0.1524
0.1585,1551.2,0.1538
0.1598,1576.7,0.1551
0.1611,1600.9,0.1563
0.1624,1626.2,0.1576
0.1637,1651.2,0.1589
0.1650,1676.7,0.1602
0.1663,1702.7,0.1616
0.1676,1729.7,0.1629
0.1689,1756.3,0.1642
0.1702,1783.1,0.1656
0.1716,1810.3,0.1669
0.1729,1837.6,0.1682
0.1742,1862.8,0.1694
0.1755,1890.8,0.1708
0.1768,1917.3,0.1721
0.1781,1944.8,0.1734
0.1794,1973.3,0.1747
0.1807,2001.2,0.1760
0.1820,2028.3,0.1773
0.1833,2058.5,0.1787
0.1846,2087.2,0.1800
0.1860,2115.2,0.1813
0.1873,2143.5,0.1826
0.1886,2172.1,0.1839
0.1899,2201.0,0.1852
0.1912,2230.9,0.1865
0.1925,2259.8,0.1878
0.1938,2289.2,0.1891
0.1951,2317.8,0.1904
0.1964,2347.9,0.1917
0.1977,2377.3,0.1930
0.1991,2406.4,0.1943
0.2004,2436.7,0.1956
0.2017,2467.3,0.1969
0.2030,2497.3,0.1983
0.2043,2528.9,0.1996
0.2056,2558.4,0.2009
0.2069,2588.7,0.2022
0.2082,2619.6,0.2035
0.2095,2650.5,0.2048
0.2108,2681.5,0.2061
0.2121,2711.7,0.2074
0.2135,2741.7,0.2087
0.2148,2773.9,0.2100
0.2161,2804.3,0.2114
0.2174,2835.9,0.2127
0.2187,2867.1,0.2140
0.2200,2898.8,0.2153
0.2213,2930.5,0.2166
0.2226,2962.0,0.2179
0.2239,2993.6,0.2192
0.2252,3026.5,0.2205
0.2265,3058.7,0.2219
0.2279,3091.0,0.2232
0.2292,3123.6,0.2245
0.2305,3154.0,0.2258
0.2318,3187.0,0.2270
0.2331,3220.2,0.2284
0.2344,3253.0,0.2297
0.2357,3284.8,0.2310
0.2370,3318.4,0.2324
0.2383,3353.3,0.2337
0.2396,3385.0,0.2350
0.2410,3417.8,0.2363
0.2423,3450.6,0.2376
0.2436,3482.4,0.2389
0.2449,3516.8,0.2402
0.2462,3548.6,0.2415
0.2475,3582.2,0.2428
0.2488,3616.4,0.2441
0.2501,3650.3,0.2455
0.2514,3683.0,0.2468
0.2527,3718.2,0.2481
0.2540,3751.3,0.2494
0.2554,3782.7,0.2507
0.2567,3818.5,0.2521
0.2580,3852.3,0.2534
0.2593,3885.3,0.2547
0.2606,3918.5,0.2560
0.2619,3951.0,0.2572
0.2632,3985.1,0.2585
0.2645,4019.9,0.2598
0.2658,4054.4,0.2612
0.2671,4088.4,0.2625
0.2685,4122.3,0.2638
0.2698,4157.0,0.2651
0.2711,4191.2,0.2665
0.2724,4226.3,0.2678
0.2737,4259.3,0.2690
0.2750,4293.1,0.2704
0.2763,4326.9,0.2716
0.2776,4361.9,0.2730
0.2789,4396.0,0.2743
0.2802,4429.6,0.2755
0.2815,4465.3,0.2769
0.2829,4499.8,0.2782
0.2842,4533.1,0.2795
0.2855,4570.0,0.2809
0.2868,4603.6,0.2821
0.2881,4638.0,0.2834
0.2894,4673.0,0.2848
0.2907,4710.2,0.2862
0.2920,4743.3,0.2874
0.2933,4776.4,0.2887
0.2946,4811.2,0.2900
0.2959,4845.4,0.2912
0.2973,4880.4,0.2925
0.2986,4914.8,0.2938
0.2999,4949.8,0.2952
0.3012,4982.9,0.2965
0.3025,5021.1,0.2978
0.3038,5057.2,0.2992
0.3051,5092.4,0.3004
0.3064,5126.9,0.3018
0.3077,5161.7,0.3031
0.3090,5197.5,0.3044
0.3104,5233.5,0.3057
0.3117,5266.9,0.3070
0.3130,5303.9,0.3083
0.3143,5340.5,0.3097
0.3156,5377.5,0.3110
0.3169,5411.6,0.3123
0.3182,5446.6,0.3136
0.3195,5483.4,0.3149
0.3208,5518.6,0.3162
0.3221,5554.3,0.3176
0.3234,5591.9,0.3189
0.3248,5624.2,0.3202
0.3261,5658.5,0.3214
0.3274,5694.4,0.3228
0.3287,5730.3,0.3241
0.3300,5765.5,0.3253
0.3313,5802.0,0.3267
0.3326,5836.7,0.3280
0.3339,5872.0,0.3293
0.3352,5911.3,0.3307
0.3365,5946.3,0.3320
0.3379,5982.9,0.3333
0.3392,6018.4,0.3346
0.3405,6054.1,0.3359
0.3418,6089.9,0.3372
0.3431,6123.1,0.3385
0.3444,6158.5,0.3397
0.3457,6195.5,0.3411
0.3470,6230.7,0.3424
0.3483,6268.6,0.3437
0.3496,6302.0,0.3450
0.3509,6338.6,0.3463
0.3523,6374.0,0.3476
0.3536,6409.9,0.3489
0.3549,6445.7,0.3502
0.3562,6482.0,0.3516
0.3575,6519.9,0.3529
0.3588,6556.1,0.3542
0.3601,6592.5,0.3555
0.3614,6627.8,0.3567
0.3627,6664.5,0.3581
0.3640,6699.2,0.3594
0.3653,6736.0,0.3607
0.3667,6771.2,0.3620
0.3680,6807.4,0.3633
0.3693,6847.3,0.3648
0.3706,6883.0,0.3660
0.3719,6918.2,0.3673
0.3732,6954.7,0.3686
0.3745,6987.1,0.3699
0.3758,7026.0,0.3712
0.3771,7061.9,0.3725
0.3784,7097.3,0.3738
0.3798,7134.0,0.3751
0.3811,7171.8,0.3765
0.3824,7207.3,0.3778
0.3837,7246.4,0.3791
0.3850,7282.8,0.3804
0.3863,7318.1,0.3817
0.3876,7355.4,0.3831
0.3889,7393.6,0.3844
0.3902,7427.7,0.3857
0.3915,7463.0,0.3870
0.3928,7497.5,0.3883
0.3942,7534.2,0.3896
0.3955,7568.5,0.3909
0.3968,7604.1,0.3922
0.3981,7641.1,0.3935
0.3994,7675.5,0.3948
0.4007,7714.8,0.3961
0.4020,7750.9,0.3975
0.4033,7787.5,0.3988
0.4046,7822.7,0.4000
0.4059,7856.4,0.4013
0.4073,7891.4,0.4026
0.4086,7928.0,0.4040
0.4099,7965.5,0.4052
0.4112,8000.0,0.4065
0.4125,8036.7,0.4079
0.4138,8074.4,0.4092
0.4151,8109.2,0.4105
0.4164,8146.8,0.4119
0.4177,8184.0,0.4131
0.4190,8219.4,0.4144
0.4203,8254.5,0.4157
0.4217,8294.7,0.4171
0.4230,8330.3,0.4184
0.4243,8363.7,0.4196
0.4256,8400.9,0.4210
0.4269,8435.7,0.4223
0.4282,8470.9,0.4236
0.4295,8506.5,0.4249
0.4308,8543.5,0.4262
0.4321,8579.9,0.4275
0.4334,8618.8,0.4289
0.4347,8655.8,0.4302
0.4361,8692.0,0.4315
0.4374,8724.3,0.4327
0.4387,8761.0,0.4341
0.4400,8797.6,0.4354
0.4413,8834.0,0.4367
0.4426,8870.3,0.4379
0.4439,8906.7,0.4393
0.4452,8940.9,0.4406
0.4465,8980.3,0.4420
0.4478,9015.7,0.4433
0.4492,9050.3,0.4445
0.4505,9086.9,0.4459
0.4518,9123.4,0.4472
0.4531,9158.7,0.4485
0.4544,9198.3,0.4499
0.4557,9231.0,0.4511
0.4570,9267.3,0.4524
0.4583,9303.2,0.4538
0.4596,9339.8,0.4551
0.4609,9376.0,0.4564
0.4622,9409.8,0.4577
0.4636,9445.4,0.4590
0.4649,9482.0,0.4603
0.4662,9520.1,0.4617
0.4675,9556.7,0.4629
0.4688,9590.2,0.4643
0.4701,9626.4,0.4655
0.4714,9662.8,0.4669
0.4727,9698.8,0.4682
0.4740,9732.2,0.4694
0.4753,9768.0,0.4707
0.4767,9802.9,0.4721
0.4780,9838.5,0.4734
0.4793,9877.3,0.4748
0.4806,9909.9,0.4760
0.4819,9947.0,0.4773
0.4832,9983.5,0.4787
0.4845,10018,0.4800
0.4858,10052,0.4813
0.4871,10088,0.4826
0.4884,10125,0.4839
0.4897,10160,0.4852
0.4911,10195,0.4865
0.4924,10230,0.4877
0.4937,10263,0.4891
0.4950,10298,0.4904
0.4963,10335,0.4917
0.4976,10370,0.4929
0.4989,10406,0.4943
0.5002,10443,0.4957
0.5015,10479,0.4970
0.5028,10514,0.4983
0.5041,10549,0.4996
0.5055,10581,0.5008
0.5068,10619,0.5022
0.5081,10655,0.5035
0.5094,10687,0.5048
0.5107,10723,0.5061
0.5120,10760,0.5075
0.5133,10796,0.5087
0.5146,10833,0.5101
0.5159,10869,0.5114
0.5172,10903,0.5127
0.5186,10937,0.5141
0.5199,10974,0.5154
0.5212,11008,0.5167
0.5225,11043,0.5180
0.5238,11076,0.5192
0.5251,11112,0.5206
0.5264,11146,0.5219
0.5277,11181,0.5232
0.5290,11218,0.5245
0.5303,11251,0.5258
0.5316,11289,0.5272
0.5330,11324,0.5285
0.5343,11359,0.5298
0.5356,11393,0.5311
0.5369,11425,0.5323
0.5382,11461,0.5337
0.5395,11497,0.5350
0.5408,11532,0.5363
0.5421,11565,0.5375
0.5434,11600,0.5389
0.5447,11636,0.5402
0.5461,11669,0.5415
0.5474,11706,0.5429
0.5487,11739,0.5441
0.5500,11774,0.5454
0.5513,11808,0.5468
0.5526,11846,0.5482
0.5539,11880,0.5495
0.5552,11911,0.5507
0.5565,11948,0.5521
0.5578,11982,0.5534
0.5591,12017,0.5547
0.5605,12051,0.5560
0.5618,12085,0.5573
0.5631,12117,0.5586
0.5644,12155,0.5600
0.5657,12190,0.5613
0.5670,12222,0.5625
0.5683,12253,0.5639
0.5696,12289,0.5651
0.5709,12322,0.5665
0.5722,12357,0.5678
0.5735,12388,0.5690
0.5749,12424,0.5703
0.5762,12458,0.5718
0.5775,12495,0.5731
0.5788,12527,0.5743
0.5801,12559,0.5757
0.5814,12595,0.5769
0.5827,12629,0.5783
0.5840,12663,0.5796
0.5853,12700,0.5809
0.5866,12729,0.5822
0.5880,12762,0.5835
0.5893,12797,0.5848
0.5906,12831,0.5861
0.5919,12861,0.5873
0.5932,12895,0.5887
0.5945,12927,0.5900
0.5958,12960,0.5913
0.5971,12998,0.5927
0.5984,13027,0.5939
0.5997,13061,0.5953
0.6010,13095,0.5966
0.6024,13129,0.5979
0.6037,13162,0.5992
0.6050,13191,0.6005
0.6063,13224,0.6017
0.6076,13260,0.6031
0.6089,13295,0.6045
0.6102,13329,0.6058
0.6115,13360,0.6071
0.6128,13394,0.6084
0.6141,13426,0.6097
0.6155,13458,0.6110
0.6168,13490,0.6123
0.6181,13524,0.6137
0.6194,13557,0.6150
0.6207,13589,0.6163
0.6220,13621,0.6176
0.6233,13650,0.6188
0.6246,13684,0.6201
0.6259,13718,0.6215
0.6272,13751,0.6228
0.6285,13782,0.6241
0.6299,13815,0.6254
0.6312,13852,0.6268
0.6325,13883,0.6281
0.6338,13915,0.6294
0.6351,13945,0.6306
0.6364,13975,0.6319
0.6377,14009,0.6333
0.6390,14038,0.6345
0.6403,14071,0.6358
0.6416,14104,0.6371
0.6429,14138,0.6385
0.6443,14168,0.6398
0.6456,14203,0.6412
0.6469,14233,0.6425
0.6482,14261,0.6437
0.6495,14298,0.6451
0.6508,14330,0.6464
0.6521,14361,0.6477
0.6534,14391,0.6490
0.6547,14420,0.6502
0.6560,14454,0.6516
0.6574,14486,0.6529
0.6587,14518,0.6542
0.6600,14549,0.6555
0.6613,14581,0.6569
0.6626,14613,0.6582
0.6639,14647,0.6596
0.6652,14675,0.6608
0.6665,14704,0.6620
0.6678,14735,0.6634
0.6691,14767,0.6647
0.6704,14798,0.6661
0.6718,14827,0.6673
0.6731,14856,0.6686
0.6744,14892,0.6699
0.6757,14922,0.6712
0.6770,14952,0.6726
0.6783,14984,0.6739
0.6796,15013,0.6752
0.6809,15043,0.6764
0.6822,15078,0.6779
0.6835,15109,0.6792
0.6849,15136,0.6803
0.6862,15166,0.6817
0.6875,15196,0.6830
0.6888,15227,0.6843
0.6901,15256,0.6856
0.6914,15285,0.6869
0.6927,15317,0.6882
0.6940,15349,0.6897
0.6953,15381,0.6910
0.6966,15412,0.6923
0.6979,15436,0.6935
0.6993,15468,0.6948
0.7006,15498,0.6961
0.7019,15527,0.6975
0.7032,15558,0.6987
0.7045,15586,0.7001
0.7058,15614,0.7013
0.7071,15648,0.7027
0.7084,15678,0.7040
0.7097,15705,0.7052
0.7110,15736,0.7066
0.7123,15765,0.7079
0.7137,15794,0.7092
0.7150,15828,0.7107
0.7163,15853,0.7118
0.7176,15882,0.7131
0.7189,15911,0.7145
0.7202,15942,0.7158
0.7215,15972,0.7171
0.7228,15997,0.7184
0.7241,16027,0.7197
0.7254,16058,0.7210
0.7268,16089,0.7224
0.7281,16119,0.7237
0.7294,16145,0.7250
0.7307,16175,0.7263
0.7320,16204,0.7276
0.7333,16232,0.7289
0.7346,16257,0.7301
0.7359,16286,0.7314
0.7372,16314,0.7328
0.7385,16343,0.7341
0.7398,16375,0.7355
0.7412,16400,0.7367
0.7425,16431,0.7381
0.7438,16459,0.7394
0.7451,16487,0.7407
0.7464,16514,0.7420
0.7477,16541,0.7433
0.7490,16572,0.7446
0.7503,16600,0.7459
0.7516,16628,0.7473
0.7529,16655,0.7485
0.7543,16680,0.7498
0.7556,16708,0.7511
0.7569,16738,0.7524
0.7582,16764,0.7537
0.7595,16792,0.7550
0.7608,16822,0.7565
0.7621,16850,0.7578
0.7634,16876,0.7590
0.7647,16904,0.7603
0.7660,16926,0.7615
0.7673,16957,0.7629
0.7687,16985,0.7642
0.7700,17009,0.7655
0.7713,17037,0.7669
0.7726,17064,0.7682
0.7739,17093,0.7695
0.7752,17123,0.7709
0.7765,17149,0.7722
0.7778,17174,0.7734
0.7791,17200,0.7748
0.7804,17230,0.7762
0.7817,17255,0.7774
0.7831,17279,0.7787
0.7844,17302,0.7799
0.7857,17329,0.7813
0.7870,17356,0.7826
0.7883,17381,0.7839
0.7896,17408,0.7852
0.7909,17430,0.7865
0.7922,17462,0.7879
0.7935,17487,0.7892
0.7948,17514,0.7906
0.7962,17537,0.7918
0.7975,17558,0.7930
0.7988,17586,0.7944
0.8001,17613,0.7957
0.8014,17639,0.7970
0.8027,17660,0.7982
0.8040,17687,0.7997
0.8053,17713,0.8010
0.8066,17736,0.8022
0.8079,17763,0.8036
0.8092,17786,0.8048
0.8106,17811,0.8061
0.8119,17835,0.8075
0.8132,17864,0.8089
0.8145,17886,0.8101
0.8158,17905,0.8113
0.8171,17931,0.8127
0.8184,17955,0.8140
0.8197,17979,0.8153
0.8210,18002,0.8166
0.8223,18025,0.8179
0.8237,18048,0.8192
0.8250,18076,0.8207
0.8263,18102,0.8221
0.8276,18124,0.8232
0.8289,18142,0.8245
0.8302,18168,0.8259
0.8315,18190,0.8271
0.8328,18214,0.8285
0.8341,18235,0.8297
0.8354,18259,0.8310
0.8367,18281,0.8324
0.8381,18308,0.8338
0.8394,18329,0.8350
0.8407,18348,0.8363
0.8420,18374,0.8376
0.8433,18396,0.8390
0.8446,18418,0.8403
0.8459,18445,0.8417
0.8472,18462,0.8429
0.8485,18484,0.8442
0.8498,18507,0.8455
0.8511,18529,0.8469
0.8525,18549,0.8480
0.8538,18570,0.8494
0.8551,18590,0.8507
0.8564,18612,0.8520
0.8577,18638,0.8535
0.8590,18658,0.8546
0.8603,18677,0.8560
0.8616,18700,0.8573
0.8629,18721,0.8587
0.8642,18742,0.8600
0.8656,18757,0.8612
0.8669,18779,0.8625
0.8682,18802,0.8639
0.8695,18822,0.8652
0.8708,18846,0.8666
0.8721,18861,0.8678
0.8734,18884,0.8692
0.8747,18904,0.8705
0.8760,18923,0.8718
0.8773,18941,0.8730
0.8786,18960,0.8744
0.8800,18982,0.8757
0.8813,19002,0.8770
0.8826,19022,0.8783
0.8839,19040,0.8795
0.8852,19058,0.8809
0.8865,19077,0.8822
0.8878,19097,0.8835
0.8891,19116,0.8848
0.8904,19135,0.8861
0.8917,19158,0.8876
0.8931,19177,0.8889
0.8944,19194,0.8901
0.8957,19213,0.8914
0.8970,19227,0.8926
0.8983,19249,0.8940
0.8996,19267,0.8953
0.9009,19283,0.8966
0.9022,19302,0.8980
0.9035,19319,0.8993
0.9048,19337,0.9005
0.9061,19358,0.9019
0.9075,19376,0.9032
0.9088,19391,0.9044
0.9101,19405,0.9057
0.9114,19427,0.9071
0.9127,19445,0.9084
0.9140,19460,0.9097
0.9153,19475,0.9109
0.9166,19493,0.9123
0.9179,19510,0.9136
0.9192,19527,0.9149
0.9205,19546,0.9162
0.9219,19560,0.9175
0.9232,19583,0.9189
0.9245,19600,0.9203
0.9258,19616,0.9216
0.9271,19632,0.9229
0.9284,19644,0.9241
0.9297,19663,0.9254
0.9310,19680,0.9268
0.9323,19697,0.9281
0.9336,19710,0.9293
0.9350,19725,0.9307
0.9363,19745,0.9320
0.9376,19758,0.9333
0.9389,19775,0.9347
0.9402,19790,0.9359
0.9415,19803,0.9372
0.9428,19817,0.9385
0.9441,19838,0.9399
0.9454,19852,0.9412
0.9467,19862,0.9423
0.9480,19877,0.9437
0.9494,19894,0.9451
0.9507,19908,0.9464
0.9520,19922,0.9477
0.9533,19935,0.9490
0.9546,19951,0.9503
0.9559,19968,0.9518
0.9572,19985,0.9531
0.9585,20000,0.9543
0.9598,20006,0.9555
0.9611,20023,0.9568
0.9625,20036,0.9582
0.9638,20050,0.9595
0.9651,20064,0.9607
0.9664,20076,0.9621
0.9677,20087,0.9634
0.9690,20107,0.9648
0.9703,20119,0.9661
0.9716,20129,0.9673
0.9729,20143,0.9687
0.9742,20155,0.9700
0.9755,20166,0.9713
0.9769,20184,0.9727
0.9782,20191,0.9739
0.9795,20202,0.9752
0.9808,20215,0.9766
0.9821,20229,0.9779
0.9834,20240,0.9792
0.9847,20246,0.9804
0.9860,20260,0.9817
0.9873,20274,0.9830
0.9886,20284,0.9844
0.9899,20299,0.9858
0.9913,20305,0.9870
0.9926,20317,0.9883
0.9939,20329,0.9897
0.9952,20341,0.9910
0.9965,20349,0.9922
0.9978,20356,0.9935
0.9991,20366,0.9948
1.000,20379,0.9961
1.002,20394,0.9975
1.003,20402,0.9987
1.004,20412,1.000
1.006,20423,1.001
1.007,20433,1.003
1.008,20442,1.004
1.010,20450,1.005
1.011,20463,1.007
1.012,20472,1.008
1.014,20481,1.009
1.015,20490,1.011
1.016,20496,1.012
1.017,20507,1.013
1.019,20519,1.015
1.020,20528,1.016
1.021,20536,1.017
1.023,20545,1.019
1.024,20560,1.020
1.025,20566,1.021
1.027,20574,1.022
1.028,20582,1.024
1.029,20589,1.025
1.031,20598,1.026
1.032,20604,1.028
1.033,20613,1.029
1.034,20622,1.030
1.036,20633,1.032
1.037,20639,1.033
1.038,20652,1.034
1.040,20657,1.036
1.041,20660,1.037
1.042,20674,1.038
1.044,20683,1.040
1.045,20688,1.041
1.046,20694,1.042
1.048,20698,1.043
1.049,20710,1.045
1.050,20719,1.046
1.051,20726,1.047
1.053,20734,1.049
1.054,20740,1.050
1.055,20751,1.051
1.057,20760,1.053
1.058,20767,1.054
1.059,20771,1.055
1.061,20775,1.057
1.062,20785,1.058
1.063,20793,1.059
1.065,20799,1.060
1.066,20803,1.062
1.067,20815,1.063
1.069,20822,1.064
1.070,20826,1.066
1.071,20835,1.067
1.072,20838,1.068
1.074,20846,1.070
1.075,20854,1.071
1.076,20865,1.072
1.078,20867,1.074
1.079,20869,1.075
1.080,20877,1.076
1.082,20884,1.077
1.083,20889,1.079
1.084,20894,1.080
1.086,20900,1.081
1.087,20904,1.083
1.088,20916,1.084
1.089,20922,1.085
1.091,20924,1.087
1.092,20928,1.088
1.093,20934,1.089
1.095,20939,1.091
1.096,20945,1.092
1.097,20946,1.093
1.099,20954,1.094
1.100,20961,1.096
1.101,20969,1.097
1.103,20970,1.098
1.104,20973,1.100
1.105,20981,1.101
1.106,20986,1.102
1.108,20991,1.104
1.109,20999,1.105
1.110,20998,1.106
1.112,21003,1.108
1.113,21010,1.109
1.114,21015,1.110
1.116,21016,1.111
1.117,21021,1.113
1.118,21025,1.114
1.120,21029,1.115
1.121,21038,1.117
1.122,21039,1.118
1.124,21045,1.119
1.125,21048,1.121
1.126,21055,1.122
1.127,21056,1.123
1.129,21056,1.125
1.130,21061,1.126
1.131,21069,1.127
1.133,21073,1.129
1.134,21078,1.130
1.135,21080,1.131
1.137,21086,1.133
1.138,21090,1.134
1.139,21092,1.135
1.141,21095,1.136
1.142,21100,1.138
1.143,21103,1.139
1.144,21107,1.140
1.146,21109,1.142
1.147,21108,1.143
1.148,21114,1.144
1.150,21117,1.146
1.151,21121,1.147
1.152,21121,1.148
1.154,21124,1.149
1.155,21135,1.151
1.156,21137,1.152
1.158,21138,1.153
1.159,21139,1.155
1.160,21137,1.156
1.161,21146,1.157
1.163,21147,1.159
1.164,21149,1.160
1.165,21153,1.161
1.167,21155,1.163
1.168,21157,1.164
1.169,21164,1.165
1.171,21164,1.167
1.172,21163,1.168
1.173,21167,1.169
1.175,21173,1.170
1.176,21174,1.172
1.177,21174,1.173
1.179,21173,1.174
1.180,21180,1.176
1.181,21182,1.177
1.182,21184,1.178
1.184,21187,1.180
1.185,21187,1.181
1.186,21194,1.182
1.188,21197,1.184
1.189,21199,1.185
1.190,21198,1.186
1.192,21197,1.187
1.193,21201,1.189
1.194,21205,1.190
1.196,21205,1.191
1.197,21204,1.193
1.198,21207,1.194
1.199,21209,1.195
1.201,21210,1.197
1.202,21214,1.198
1.203,21211,1.199
1.205,21214,1.201
1.206,21214,1.202
1.207,21221,1.203
1.209,21218,1.205
1.210,21213,1.206
1.211,21218,1.207
1.213,21219,1.208
1.214,21219,1.210
1.215,21219,1.211
1.216,21218,1.212
1.218,21219,1.214
1.219,21226,1.215
1.220,21226,1.216
1.222,21224,1.218
1.223,21220,1.219
1.224,21221,1.220
1.226,21223,1.222
1.227,21222,1.223
1.228,21219,1.224
1.230,21221,1.225
1.231,21219,1.227
1.232,21225,1.228
1.234,21221,1.229
1.235,21218,1.231
1.236,21221,1.232
1.237,21220,1.233
1.239,21220,1.235
1.240,21226,1.236
1.241,21218,1.237
1.243,21217,1.239
1.244,21219,1.240
1.245,21220,1.241
1.247,21218,1.242
1.248,21215,1.244
1.249,21214,1.245
1.251,21213,1.246
1.252,21218,1.248
1.253,21215,1.249
1.254,21214,1.250
1.256,21213,1.252
1.257,21214,1.253
1.258,21212,1.254
1.260,21206,1.256
1.261,21207,1.257
1.262,21207,1.258
1.264,21206,1.260
1.265,21210,1.261
1.266,21203,1.262
1.268,21207,1.263
1.269,21205,1.265
1.270,21203,1.266
1.271,21201,1.267
1.273,21199,1.269
1.274,21201,1.270
1.275,21199,1.271
1.277,21197,1.273
1.278,21194,1.274
1.279,21192,1.275
1.281,21189,1.277
1.282,21190,1.278
1.283,21186,1.279
1.285,21184,1.280
1.286,21188,1.282
1.287,21185,1.283
1.288,21182,1.284
1.290,21180,1.286
1.291,21172,1.287
1.292,21174,1.288
1.294,21172,1.290
1.295,21166,1.291
1.296,21165,1.292
1.298,21162,1.293
1.299,21162,1.295
1.300,21164,1.296
1.302,21162,1.298
1.303,21156,1.299
1.304,21152,1.300
1.306,21155,1.301
1.307,21150,1.303
1.309,21140,1.305
